number,record_time,soc,pack_voltage,charge_current,max_cell_voltage,min_cell_voltage,max_temperature,min_temperature,available_energy,available_capacity,charging_duration_seconds
810487,2021-11-02 06:21:53,53.2,336.0,-69.5,3.753,3.721,29,26,23.32,70.11,0.0
810488,2021-11-02 06:22:01,53.6,336.4,-69.5,3.759,3.726,29,26,23.38,70.3,8.0
810489,2021-11-02 06:22:09,53.6,336.8,-69.39999,3.762,3.728,29,26,23.43,70.46,16.0
810490,2021-11-02 06:22:17,53.6,336.9,-69.39999,3.765,3.73,29,27,23.49,70.64,24.0
810491,2021-11-02 06:22:25,54.0,337.2,-69.39999,3.769,3.733,29,27,23.55,70.83,32.0
810492,2021-11-02 06:22:33,54.0,337.4,-69.5,3.77,3.735,29,27,23.6,71.0,40.0
810493,2021-11-02 06:22:41,54.0,337.5,-69.5,3.773,3.738,29,27,23.67,71.17,48.0
810494,2021-11-02 06:22:49,54.4,337.7,-69.39999,3.774,3.739,29,27,23.73,71.36,56.0
810495,2021-11-02 06:22:57,54.4,337.8,-69.5,3.776,3.74,29,27,23.78,71.53,64.0
810496,2021-11-02 06:23:05,54.4,338.0,-69.5,3.777,3.742,29,27,23.85,71.71,72.0
810497,2021-11-02 06:23:13,54.8,338.0,-69.5,3.779,3.743,29,27,23.9,71.88,80.0
810498,2021-11-02 06:23:21,54.8,338.3,-69.5,3.78,3.744,29,27,23.96,72.07,88.0
810499,2021-11-02 06:23:29,54.8,338.3,-69.5,3.782,3.746,29,27,24.03,72.25,96.0
810500,2021-11-02 06:23:37,55.2,338.5,-69.60001,3.783,3.747,29,27,24.09,72.43999,104.0
810501,2021-11-02 06:23:45,55.2,338.6,-69.5,3.785,3.748,29,27,24.14,72.61,112.0
810502,2021-11-02 06:23:53,55.2,338.8,-69.5,3.786,3.75,29,27,24.2,72.78,120.0
810503,2021-11-02 06:24:01,55.6,338.8,-69.60001,3.788,3.751,29,27,24.26,72.95,128.0
810504,2021-11-02 06:24:09,55.6,338.9,-69.5,3.79,3.753,29,27,24.32,73.13,136.0
810505,2021-11-02 06:24:17,55.6,339.1,-69.5,3.79,3.754,29,27,24.38,73.3,144.0
810506,2021-11-02 06:24:25,56.0,339.3,-69.5,3.792,3.755,29,27,24.43,73.48,152.0
810507,2021-11-02 06:24:33,56.0,339.3,-69.60001,3.793,3.756,29,27,24.5,73.66,160.0
810508,2021-11-02 06:24:41,56.0,339.4,-69.5,3.795,3.757,29,27,24.55,73.83,168.0
810509,2021-11-02 06:24:49,56.4,339.6,-69.60001,3.796,3.758,29,27,24.61,74.01,176.0
810510,2021-11-02 06:24:57,56.4,339.7,-69.5,3.797,3.759,29,27,24.67,74.18,184.0
810511,2021-11-02 06:25:06,56.4,339.9,-69.5,3.799,3.76,29,27,24.73,74.36,193.0
810512,2021-11-02 06:25:14,56.8,339.9,-69.5,3.801,3.762,29,27,24.8,74.57,201.0
810513,2021-11-02 06:25:22,56.8,340.0,-69.60001,3.802,3.762,29,27,24.85,74.73,209.0
810514,2021-11-02 06:25:30,56.8,340.2,-69.60001,3.802,3.765,29,27,24.9,74.89,217.0
810515,2021-11-02 06:25:38,57.2,340.3,-69.60001,3.805,3.765,29,27,24.96,75.07,225.0
810516,2021-11-02 06:25:46,57.2,340.5,-69.5,3.805,3.767,29,27,25.02,75.25,233.0
810517,2021-11-02 06:25:54,57.2,340.5,-69.60001,3.807,3.768,29,27,25.08,75.42,241.0
810518,2021-11-02 06:26:02,57.6,340.7,-69.5,3.808,3.769,29,27,25.14,75.6,249.0
810519,2021-11-02 06:26:10,57.6,340.8,-69.5,3.81,3.77,30,27,25.2,75.78,257.0
810520,2021-11-02 06:26:18,58.0,341.0,-69.5,3.811,3.772,30,27,25.25,75.95,265.0
810521,2021-11-02 06:26:26,58.0,341.1,-69.60001,3.813,3.773,30,27,25.32,76.13,273.0
810522,2021-11-02 06:26:34,58.0,341.3,-69.60001,3.815,3.774,30,27,25.39,76.34,281.0
810523,2021-11-02 06:26:42,58.4,341.3,-69.60001,3.815,3.775,30,27,25.44,76.50999,289.0
810524,2021-11-02 06:26:50,58.4,341.4,-69.60001,3.817,3.777,30,27,25.5,76.68999,297.0
810525,2021-11-02 06:26:58,58.4,341.6,-69.5,3.82,3.778,30,27,25.56,76.86,305.0
810526,2021-11-02 06:27:06,58.8,341.8,-69.60001,3.821,3.78,30,27,25.62,77.04,313.0
810527,2021-11-02 06:27:14,58.8,341.9,-69.60001,3.822,3.78,30,27,25.67,77.2,321.0
810528,2021-11-02 06:27:22,58.8,341.9,-69.60001,3.823,3.782,30,27,25.72,77.36,329.0
810529,2021-11-02 06:27:30,59.2,342.1,-69.60001,3.825,3.782,30,27,25.78,77.54,337.0
810530,2021-11-02 06:27:38,59.2,342.2,-69.70001,3.826,3.784,30,27,25.84,77.71,345.0
810531,2021-11-02 06:27:46,59.2,342.2,-69.60001,3.827,3.785,30,27,25.91,77.91,353.0
810532,2021-11-02 06:27:54,59.6,342.4,-69.60001,3.829,3.788,30,27,25.96,78.08,361.0
810533,2021-11-02 06:28:02,59.6,342.7,-69.60001,3.831,3.789,30,27,26.03,78.25999,369.0
810534,2021-11-02 06:28:10,59.6,342.7,-69.60001,3.833,3.79,30,27,26.09,78.46,377.0
810535,2021-11-02 06:28:18,60.0,342.8,-69.60001,3.834,3.791,30,27,26.14,78.63,385.0
810536,2021-11-02 06:28:26,60.0,343.0,-69.70001,3.835,3.792,30,27,26.21,78.81,393.0
810537,2021-11-02 06:28:34,60.0,343.2,-69.60001,3.837,3.794,30,27,26.26,78.98,401.0
810538,2021-11-02 06:28:42,60.4,343.3,-69.60001,3.839,3.795,30,27,26.32,79.16,409.0
810539,2021-11-02 06:28:50,60.4,343.5,-69.70001,3.84,3.796,30,27,26.38,79.34,417.0
810540,2021-11-02 06:28:58,60.4,343.5,-69.60001,3.841,3.798,30,27,26.43,79.5,425.0
810541,2021-11-02 06:29:06,60.8,343.8,-69.70001,3.844,3.799,30,27,26.5,79.67,433.0
810542,2021-11-02 06:29:14,60.8,343.8,-69.60001,3.844,3.801,30,27,26.55,79.85,441.0
810543,2021-11-02 06:29:22,60.8,344.1,-69.60001,3.846,3.802,30,27,26.61,80.03,449.0
810544,2021-11-02 06:29:30,61.2,344.1,-69.70001,3.847,3.804,30,27,26.67,80.21,457.0
810545,2021-11-02 06:29:38,61.2,344.3,-69.60001,3.851,3.805,30,27,26.73,80.38,465.0
810546,2021-11-02 06:29:46,61.2,344.4,-69.60001,3.852,3.806,30,27,26.79,80.57,473.0
810547,2021-11-02 06:29:54,61.6,344.6,-69.70001,3.852,3.808,30,27,26.85,80.75,481.0
810548,2021-11-02 06:30:02,61.6,344.7,-69.60001,3.855,3.809,30,27,26.91,80.92,489.0
810549,2021-11-02 06:30:10,61.6,344.9,-69.60001,3.856,3.812,30,27,26.97,81.1,497.0
810550,2021-11-02 06:30:18,62.0,344.9,-69.70001,3.858,3.813,30,28,27.03,81.28,505.0
810551,2021-11-02 06:30:26,62.0,345.2,-69.60001,3.859,3.814,30,28,27.09,81.46,513.0
810552,2021-11-02 06:30:34,62.0,345.2,-69.60001,3.86,3.814,30,28,27.14,81.61,521.0
810553,2021-11-02 06:30:42,62.4,345.3,-69.60001,3.862,3.818,30,28,27.2,81.79,529.0
810554,2021-11-02 06:30:50,62.4,345.5,-69.60001,3.863,3.818,30,28,27.25,81.96,537.0
810555,2021-11-02 06:30:58,62.4,345.7,-69.60001,3.865,3.819,30,28,27.32,82.14,545.0
810556,2021-11-02 06:31:06,62.8,345.8,-69.60001,3.867,3.821,30,28,27.39,82.35,553.0
810557,2021-11-02 06:31:14,62.8,346.0,-69.60001,3.868,3.823,30,28,27.44,82.53,561.0
810558,2021-11-02 06:31:22,62.8,346.1,-69.60001,3.869,3.823,30,28,27.5,82.71,569.0
810559,2021-11-02 06:31:30,63.2,346.3,-69.60001,3.871,3.827,30,28,27.56,82.88,577.0
810560,2021-11-02 06:31:38,63.2,346.4,-69.60001,3.873,3.828,30,28,27.62,83.06,585.0
810561,2021-11-02 06:31:46,63.2,346.4,-69.70001,3.874,3.829,30,28,27.67,83.24,593.0
810562,2021-11-02 06:31:54,63.6,346.6,-69.60001,3.875,3.831,30,28,27.74,83.41,601.0
810563,2021-11-02 06:32:02,63.6,346.8,-69.70001,3.877,3.831,30,28,27.78,83.56,609.0
810564,2021-11-02 06:32:10,63.6,346.9,-69.60001,3.878,3.833,30,28,27.85,83.73,617.0
810565,2021-11-02 06:32:18,64.0,347.1,-69.60001,3.879,3.835,30,28,27.9,83.91,625.0
810566,2021-11-02 06:32:26,64.0,347.2,-69.70001,3.881,3.837,30,28,27.96,84.08,633.0
810567,2021-11-02 06:32:34,64.0,347.4,-69.60001,3.882,3.837,30,28,28.02,84.25999,641.0
810568,2021-11-02 06:32:42,64.4,347.4,-69.60001,3.883,3.839,30,28,28.08,84.46,649.0
810569,2021-11-02 06:32:50,64.4,347.5,-69.70001,3.885,3.841,30,28,28.14,84.64,657.0
810570,2021-11-02 06:32:58,64.4,347.7,-69.70001,3.887,3.843,30,28,28.21,84.82,665.0
810571,2021-11-02 06:33:06,64.8,347.8,-69.70001,3.888,3.844,30,28,28.26,85.0,673.0
810572,2021-11-02 06:33:14,64.8,348.0,-69.60001,3.89,3.845,30,28,28.32,85.16,681.0
810573,2021-11-02 06:33:22,64.8,348.2,-69.70001,3.891,3.846,30,28,28.39,85.35,689.0
810574,2021-11-02 06:33:30,65.2,348.2,-69.60001,3.892,3.848,30,28,28.44,85.53,697.0
810575,2021-11-02 06:33:38,65.2,348.3,-69.60001,3.893,3.85,30,28,28.5,85.68999,705.0
810576,2021-11-02 06:33:46,65.2,348.5,-69.60001,3.895,3.852,30,28,28.55,85.85,713.0
810577,2021-11-02 06:33:54,65.6,348.6,-69.60001,3.896,3.853,30,28,28.6,86.03,721.0
810578,2021-11-02 06:34:02,65.6,348.6,-69.60001,3.897,3.854,30,28,28.67,86.21,729.0
810579,2021-11-02 06:34:10,65.6,348.8,-69.60001,3.898,3.856,30,28,28.73,86.39,737.0
810580,2021-11-02 06:34:18,66.0,348.9,-69.60001,3.9,3.857,30,28,28.78,86.57,745.0
810581,2021-11-02 06:34:26,66.0,349.1,-69.70001,3.901,3.859,30,28,28.85,86.75999,753.0
810582,2021-11-02 06:34:34,66.0,349.3,-69.70001,3.903,3.86,30,28,28.9,86.92,761.0
810583,2021-11-02 06:34:42,66.4,349.3,-69.70001,3.904,3.862,30,28,28.96,87.1,769.0
810584,2021-11-02 06:34:50,66.4,349.4,-69.70001,3.905,3.863,30,28,29.02,87.28,777.0
810585,2021-11-02 06:34:58,66.4,349.6,-69.60001,3.906,3.864,30,28,29.08,87.46,785.0
810586,2021-11-02 06:35:06,66.8,349.7,-69.70001,3.908,3.866,30,28,29.14,87.63,793.0
810587,2021-11-02 06:35:14,66.8,349.9,-69.60001,3.909,3.867,31,28,29.2,87.81,801.0
810588,2021-11-02 06:35:22,66.8,349.9,-69.70001,3.91,3.869,30,28,29.25,87.96,809.0
810589,2021-11-02 06:35:30,67.2,350.0,-69.70001,3.912,3.87,31,28,29.31,88.14,817.0
810590,2021-11-02 06:35:38,67.2,350.2,-69.60001,3.913,3.871,31,28,29.38,88.34,825.0
810591,2021-11-02 06:35:46,67.2,350.3,-69.70001,3.914,3.873,31,28,29.44,88.53,833.0
810592,2021-11-02 06:35:54,67.6,350.3,-69.60001,3.916,3.874,31,28,29.5,88.68999,841.0
810593,2021-11-02 06:36:02,67.6,350.5,-69.60001,3.917,3.876,31,28,29.56,88.89,849.0
810594,2021-11-02 06:36:10,67.6,350.7,-69.60001,3.918,3.877,31,28,29.61,89.06,857.0
810595,2021-11-02 06:36:18,68.0,350.8,-69.60001,3.919,3.878,31,28,29.67,89.24,865.0
810596,2021-11-02 06:36:26,68.0,350.8,-69.60001,3.921,3.88,31,28,29.73,89.39,873.0
810597,2021-11-02 06:36:34,68.0,351.0,-69.70001,3.921,3.881,31,28,29.79,89.59,881.0
810598,2021-11-02 06:36:42,68.4,351.1,-69.60001,3.922,3.882,31,28,29.85,89.77,889.0
810599,2021-11-02 06:36:50,68.4,351.1,-69.70001,3.924,3.884,31,28,29.91,89.93999,897.0
810600,2021-11-02 06:36:58,68.4,351.3,-69.70001,3.925,3.885,31,28,29.96,90.09,905.0
810601,2021-11-02 06:37:06,68.8,351.4,-69.70001,3.927,3.886,31,28,30.02,90.25999,913.0
810602,2021-11-02 06:37:14,68.8,351.6,-69.60001,3.928,3.887,31,28,30.08,90.47,921.0
810603,2021-11-02 06:37:22,68.8,351.6,-69.70001,3.93,3.889,31,28,30.14,90.64,929.0
810604,2021-11-02 06:37:30,69.2,351.8,-69.70001,3.931,3.89,31,28,30.2,90.82,937.0
810605,2021-11-02 06:37:38,69.2,351.9,-69.70001,3.931,3.892,31,28,30.26,91.0,945.0
810606,2021-11-02 06:37:46,69.2,351.9,-69.60001,3.932,3.892,31,28,30.32,91.17,953.0
810607,2021-11-02 06:37:54,69.6,352.1,-69.70001,3.934,3.894,31,28,30.38,91.35,961.0
810608,2021-11-02 06:38:02,69.6,352.2,-69.70001,3.935,3.896,31,28,30.43,91.53,969.0
810609,2021-11-02 06:38:10,69.6,352.2,-69.70001,3.937,3.897,31,28,30.5,91.71,977.0
810610,2021-11-02 06:38:18,70.0,352.4,-69.70001,3.938,3.897,31,28,30.55,91.89,985.0
810611,2021-11-02 06:38:26,70.0,352.5,-69.60001,3.939,3.899,31,28,30.61,92.06,993.0
810612,2021-11-02 06:38:34,70.0,352.7,-69.70001,3.939,3.9,31,28,30.67,92.24,1001.0
810613,2021-11-02 06:38:42,70.4,352.7,-69.70001,3.941,3.901,31,28,30.73,92.41,1009.0
810614,2021-11-02 06:38:50,70.4,352.8,-69.70001,3.942,3.903,31,28,30.79,92.59,1017.0
810615,2021-11-02 06:38:58,70.4,353.0,-69.70001,3.943,3.904,31,28,30.85,92.77,1025.0
810616,2021-11-02 06:39:06,70.8,353.2,-69.60001,3.945,3.906,31,28,30.91,92.93999,1033.0
810617,2021-11-02 06:39:14,70.8,353.2,-69.70001,3.946,3.906,31,28,30.96,93.12,1041.0
810618,2021-11-02 06:39:22,70.8,353.3,-69.60001,3.947,3.908,31,28,31.03,93.29,1049.0
810619,2021-11-02 06:39:30,71.2,353.5,-69.60001,3.949,3.91,31,28,31.08,93.47,1057.0
810620,2021-11-02 06:39:38,71.2,353.6,-69.70001,3.95,3.91,31,28,31.14,93.65,1065.0
810621,2021-11-02 06:39:46,71.6,353.6,-69.70001,3.95,3.911,31,28,31.2,93.82,1073.0
810622,2021-11-02 06:39:54,71.6,353.8,-69.70001,3.952,3.913,31,28,31.26,94.0,1081.0
810623,2021-11-02 06:40:02,71.6,353.8,-69.70001,3.953,3.914,31,28,31.32,94.17,1089.0
810624,2021-11-02 06:40:10,72.0,354.1,-69.60001,3.954,3.915,31,28,31.39,94.39,1097.0
810625,2021-11-02 06:40:18,72.0,354.1,-69.60001,3.955,3.916,31,28,31.43,94.53,1105.0
810626,2021-11-02 06:40:26,72.0,354.3,-69.70001,3.957,3.918,31,28,31.5,94.71,1113.0
810627,2021-11-02 06:40:34,72.4,354.3,-69.70001,3.958,3.918,31,28,31.55,94.89,1121.0
810628,2021-11-02 06:40:42,72.4,354.4,-69.70001,3.958,3.919,31,28,31.61,95.06,1129.0
810629,2021-11-02 06:40:51,72.4,354.6,-69.60001,3.96,3.921,31,28,31.67,95.24,1138.0
810630,2021-11-02 06:40:59,72.8,354.7,-69.70001,3.961,3.922,31,28,31.73,95.41,1146.0
810631,2021-11-02 06:41:07,72.8,354.7,-69.70001,3.962,3.923,31,28,31.78,95.59,1154.0
810632,2021-11-02 06:41:15,72.8,354.9,-69.60001,3.964,3.924,31,28,31.85,95.77,1162.0
810633,2021-11-02 06:41:23,73.2,354.9,-69.60001,3.965,3.927,31,28,31.9,95.93999,1170.0
810634,2021-11-02 06:41:31,73.2,355.0,-69.70001,3.966,3.928,31,28,31.96,96.12,1178.0
810635,2021-11-02 06:41:39,73.2,355.2,-69.70001,3.967,3.928,31,28,32.03,96.32,1186.0
810636,2021-11-02 06:41:47,73.6,355.3,-69.70001,3.968,3.929,31,28,32.09,96.5,1194.0
810637,2021-11-02 06:41:55,73.6,355.3,-69.70001,3.971,3.931,31,29,32.14,96.65,1202.0
810638,2021-11-02 06:42:03,73.6,355.5,-69.70001,3.971,3.932,31,29,32.2,96.82,1210.0
810639,2021-11-02 06:42:11,74.0,355.7,-69.70001,3.972,3.932,31,29,32.26,97.02,1218.0
810640,2021-11-02 06:42:19,74.0,355.7,-69.70001,3.973,3.934,31,29,32.32,97.17,1226.0
810641,2021-11-02 06:42:27,74.0,355.8,-69.70001,3.974,3.935,31,29,32.38,97.37,1234.0
810642,2021-11-02 06:42:35,74.4,356.0,-69.60001,3.975,3.937,31,29,32.44,97.55,1242.0
810643,2021-11-02 06:42:43,74.4,356.0,-69.70001,3.977,3.938,31,29,32.5,97.72,1250.0
810644,2021-11-02 06:42:51,74.4,356.1,-69.70001,3.978,3.939,31,29,32.56,97.9,1258.0
810645,2021-11-02 06:42:59,74.8,356.3,-69.70001,3.979,3.939,31,29,32.61,98.07,1266.0
810646,2021-11-02 06:43:07,74.8,356.3,-69.70001,3.98,3.941,31,29,32.67,98.27,1274.0
810647,2021-11-02 06:43:15,74.8,356.4,-69.70001,3.981,3.942,31,29,32.74,98.45,1282.0
810648,2021-11-02 06:43:23,75.2,356.6,-69.70001,3.983,3.943,31,29,32.79,98.62,1290.0
810649,2021-11-02 06:43:31,75.2,356.6,-69.70001,3.984,3.945,31,29,32.85,98.8,1298.0
810650,2021-11-02 06:43:39,75.2,356.8,-69.80002,3.985,3.946,31,29,32.91,98.96,1306.0
810651,2021-11-02 06:43:47,75.6,356.8,-69.60001,3.987,3.947,31,29,32.96,99.14,1314.0
810652,2021-11-02 06:43:55,75.6,356.9,-69.60001,3.987,3.949,31,29,33.03,99.31,1322.0
810653,2021-11-02 06:44:03,75.6,357.1,-69.70001,3.988,3.95,31,29,33.08,99.49,1330.0
810654,2021-11-02 06:44:11,76.0,357.2,-69.60001,3.99,3.951,31,29,33.14,99.67,1338.0
810655,2021-11-02 06:44:19,76.0,357.4,-69.70001,3.991,3.952,31,29,33.2,99.84,1346.0
810656,2021-11-02 06:44:27,76.0,357.4,-69.70001,3.992,3.954,31,29,33.26,100.02,1354.0
810657,2021-11-02 06:44:35,76.4,357.5,-69.70001,3.993,3.955,31,29,33.32,100.19,1362.0
810658,2021-11-02 06:44:43,76.4,357.7,-69.70001,3.994,3.956,31,29,33.38,100.39,1370.0
810659,2021-11-02 06:44:51,76.4,357.7,-69.70001,3.995,3.956,31,29,33.44,100.57,1378.0
810660,2021-11-02 06:44:59,76.8,357.8,-69.70001,3.997,3.959,31,29,33.5,100.74,1386.0
810661,2021-11-02 06:45:07,76.8,358.0,-69.60001,3.998,3.959,31,29,33.55,100.9,1394.0
810662,2021-11-02 06:45:15,76.8,358.2,-69.70001,3.999,3.961,31,29,33.61,101.07,1402.0
810663,2021-11-02 06:45:23,77.2,358.2,-69.70001,4.001,3.961,31,29,33.67,101.25,1410.0
810664,2021-11-02 06:45:31,77.2,358.3,-69.70001,4.002,3.963,31,29,33.73,101.43,1418.0
810665,2021-11-02 06:45:39,77.2,358.5,-69.70001,4.003,3.964,31,29,33.78,101.6,1426.0
810666,2021-11-02 06:45:47,77.6,358.5,-69.70001,4.005,3.965,31,29,33.85,101.78,1434.0
810667,2021-11-02 06:45:55,77.6,358.5,-69.70001,4.005,3.966,31,29,33.9,101.96,1442.0
810668,2021-11-02 06:46:03,77.6,358.8,-69.70001,4.007,3.967,31,29,33.96,102.14,1450.0
810669,2021-11-02 06:46:11,78.0,358.8,-69.70001,4.008,3.969,31,29,34.03,102.35,1458.0
810670,2021-11-02 06:46:19,78.0,358.9,-69.70001,4.01,3.97,31,29,34.09,102.52,1466.0
810671,2021-11-02 06:46:27,78.0,359.1,-69.70001,4.01,3.971,31,29,34.15,102.7,1474.0
810672,2021-11-02 06:46:35,78.4,359.1,-69.70001,4.012,3.972,31,29,34.21,102.87,1482.0
810673,2021-11-02 06:46:43,78.4,359.1,-69.70001,4.012,3.973,31,29,34.27,103.05,1490.0
810674,2021-11-02 06:46:51,78.4,359.3,-69.70001,4.014,3.975,31,29,34.32,103.19,1498.0
810675,2021-11-02 06:46:59,78.8,359.4,-69.70001,4.015,3.976,31,29,34.38,103.37,1506.0
810676,2021-11-02 06:47:07,78.8,359.6,-69.70001,4.017,3.978,31,29,34.43,103.55,1514.0
810677,2021-11-02 06:47:15,78.8,359.6,-69.70001,4.017,3.978,31,29,34.5,103.72,1522.0
810678,2021-11-02 06:47:23,79.2,359.7,-69.70001,4.018,3.979,31,29,34.55,103.9,1530.0
810679,2021-11-02 06:47:31,79.2,359.9,-69.70001,4.02,3.981,31,29,34.61,104.09,1538.0
810680,2021-11-02 06:47:39,79.2,360.0,-69.70001,4.022,3.981,31,29,34.67,104.28,1546.0
810681,2021-11-02 06:47:47,79.6,360.2,-69.70001,4.022,3.982,31,29,34.74,104.46,1554.0
810682,2021-11-02 06:47:55,79.6,360.2,-69.60001,4.023,3.985,31,29,34.79,104.64,1562.0
810683,2021-11-02 06:48:03,79.6,360.5,-69.80002,4.024,3.985,31,29,34.85,104.82,1570.0
810684,2021-11-02 06:48:11,80.0,360.5,-69.70001,4.026,3.987,31,29,34.91,104.99,1578.0
810685,2021-11-02 06:48:19,80.0,360.5,-69.70001,4.027,3.988,31,29,34.97,105.17,1586.0
810686,2021-11-02 06:48:27,80.0,360.8,-69.70001,4.029,3.99,31,29,35.03,105.35,1594.0
810687,2021-11-02 06:48:35,80.4,360.8,-69.70001,4.03,3.99,31,29,35.08,105.5,1602.0
810688,2021-11-02 06:48:43,80.4,361.0,-69.70001,4.031,3.991,31,29,35.14,105.68,1610.0
810689,2021-11-02 06:48:51,80.4,361.1,-69.70001,4.032,3.992,31,29,35.2,105.85,1618.0
810690,2021-11-02 06:48:59,80.8,361.1,-69.70001,4.033,3.993,31,29,35.26,106.03,1626.0
810691,2021-11-02 06:49:07,80.8,361.3,-69.70001,4.034,3.995,31,29,35.32,106.23,1634.0
810692,2021-11-02 06:49:15,80.8,361.3,-69.70001,4.036,3.996,31,29,35.39,106.4,1642.0
810693,2021-11-02 06:49:23,81.2,361.4,-69.70001,4.037,3.997,31,29,35.44,106.58,1650.0
810694,2021-11-02 06:49:31,81.2,361.6,-69.70001,4.038,3.998,31,29,35.5,106.75,1658.0
810695,2021-11-02 06:49:39,81.2,361.6,-69.70001,4.039,4.0,31,29,35.56,106.93,1666.0
810696,2021-11-02 06:49:47,81.6,361.8,-69.70001,4.041,4.001,31,29,35.62,107.11,1674.0
810697,2021-11-02 06:49:55,81.6,361.9,-69.70001,4.042,4.002,31,29,35.67,107.28,1682.0
810698,2021-11-02 06:50:03,81.6,362.1,-69.70001,4.044,4.004,31,29,35.74,107.46,1690.0
810699,2021-11-02 06:50:11,82.0,362.2,-69.70001,4.044,4.005,31,29,35.79,107.62,1698.0
810700,2021-11-02 06:50:19,82.0,362.2,-69.70001,4.046,4.005,31,29,35.85,107.8,1706.0
810701,2021-11-02 06:50:27,82.0,362.4,-69.80002,4.047,4.007,31,29,35.91,107.97,1714.0
810702,2021-11-02 06:50:35,82.4,362.5,-69.70001,4.048,4.009,31,29,35.97,108.17,1722.0
810703,2021-11-02 06:50:43,82.4,362.5,-69.70001,4.049,4.01,31,29,36.03,108.35,1730.0
810704,2021-11-02 06:50:51,82.4,362.7,-69.70001,4.05,4.011,31,29,36.09,108.52,1738.0
810705,2021-11-02 06:50:59,82.8,362.8,-69.70001,4.051,4.012,31,29,36.14,108.7,1746.0
810706,2021-11-02 06:51:07,82.8,363.0,-69.70001,4.053,4.013,31,29,36.21,108.87,1754.0
810707,2021-11-02 06:51:15,82.8,363.0,-69.70001,4.055,4.014,31,29,36.26,109.05,1762.0
810708,2021-11-02 06:51:23,83.2,363.2,-69.70001,4.056,4.016,31,29,36.32,109.23,1770.0
810709,2021-11-02 06:51:31,83.2,363.3,-69.70001,4.058,4.018,31,29,36.38,109.4,1778.0
810710,2021-11-02 06:51:39,83.2,363.5,-69.70001,4.059,4.018,31,29,36.44,109.58,1786.0
810711,2021-11-02 06:51:47,83.6,363.5,-69.70001,4.059,4.019,31,29,36.5,109.74,1794.0
810712,2021-11-02 06:51:55,83.6,363.6,-69.70001,4.061,4.02,31,29,36.55,109.92,1802.0
810713,2021-11-02 06:52:03,83.6,363.6,-69.80002,4.062,4.022,31,29,36.61,110.1,1810.0
810714,2021-11-02 06:52:11,84.0,363.8,-69.70001,4.063,4.022,31,29,36.67,110.28,1818.0
810715,2021-11-02 06:52:19,84.0,363.9,-69.70001,4.065,4.025,31,29,36.73,110.46,1826.0
810716,2021-11-02 06:52:27,84.0,364.1,-69.80002,4.066,4.025,31,29,36.79,110.64,1834.0
810717,2021-11-02 06:52:35,84.4,364.3,-69.70001,4.067,4.027,31,29,36.85,110.82,1842.0
810718,2021-11-02 06:52:43,84.4,364.3,-69.70001,4.069,4.029,31,29,36.91,111.0,1850.0
810719,2021-11-02 06:52:51,84.4,364.4,-69.80002,4.069,4.029,31,29,36.96,111.17,1858.0
810720,2021-11-02 06:52:59,84.8,364.6,-69.70001,4.071,4.031,31,29,37.03,111.35,1866.0
810721,2021-11-02 06:53:07,84.8,364.7,-69.70001,4.072,4.033,31,29,37.08,111.52,1874.0
810722,2021-11-02 06:53:15,85.2,364.9,-69.80002,4.073,4.034,31,29,37.14,111.7,1882.0
810723,2021-11-02 06:53:23,85.2,364.9,-69.70001,4.075,4.035,31,29,37.21,111.88,1890.0
810724,2021-11-02 06:53:31,85.2,365.0,-69.80002,4.076,4.036,31,29,37.25,112.03,1898.0
810725,2021-11-02 06:53:39,85.2,365.2,-69.70001,4.077,4.037,31,29,37.32,112.23,1906.0
810726,2021-11-02 06:53:47,85.6,365.2,-69.70001,4.079,4.039,32,29,37.38,112.4,1914.0
810727,2021-11-02 06:53:55,85.6,365.3,-69.70001,4.08,4.04,31,29,37.44,112.58,1922.0
810728,2021-11-02 06:54:03,86.0,365.5,-69.70001,4.081,4.041,32,29,37.5,112.75,1930.0
810729,2021-11-02 06:54:11,86.0,365.7,-69.70001,4.083,4.042,32,29,37.56,112.93,1938.0
810730,2021-11-02 06:54:19,86.0,365.7,-69.70001,4.084,4.044,32,29,37.61,113.11,1946.0
810731,2021-11-02 06:54:27,86.4,365.8,-69.70001,4.086,4.045,32,29,37.67,113.28,1954.0
810732,2021-11-02 06:54:35,86.4,366.0,-69.70001,4.087,4.046,32,29,37.73,113.46,1962.0
810733,2021-11-02 06:54:43,86.4,366.0,-69.70001,4.088,4.048,32,29,37.79,113.64,1970.0
810734,2021-11-02 06:54:51,86.8,366.1,-69.70001,4.089,4.049,32,29,37.85,113.82,1978.0
810735,2021-11-02 06:54:59,86.8,366.3,-69.70001,4.091,4.051,32,29,37.91,114.0,1986.0
810736,2021-11-02 06:55:07,86.8,366.4,-69.70001,4.092,4.051,32,29,37.96,114.17,1994.0
810737,2021-11-02 06:55:15,87.2,366.4,-69.70001,4.093,4.053,32,29,38.03,114.35,2002.0
810738,2021-11-02 06:55:23,87.2,366.6,-69.70001,4.094,4.054,32,29,38.08,114.52,2010.0
810739,2021-11-02 06:55:31,87.2,366.8,-69.70001,4.095,4.055,32,29,38.14,114.7,2018.0
810740,2021-11-02 06:55:39,87.6,366.9,-69.70001,4.097,4.056,32,29,38.2,114.88,2026.0
810741,2021-11-02 06:55:47,87.6,367.1,-69.70001,4.098,4.057,32,29,38.26,115.05,2034.0
810742,2021-11-02 06:55:56,87.6,367.1,-69.70001,4.099,4.059,32,29,38.32,115.23,2043.0
810743,2021-11-02 06:56:04,88.0,367.2,-69.70001,4.101,4.06,32,29,38.38,115.4,2051.0
810744,2021-11-02 06:56:12,88.0,367.4,-69.70001,4.102,4.061,32,29,38.43,115.58,2059.0
810745,2021-11-02 06:56:20,88.0,367.4,-69.70001,4.104,4.063,32,29,38.5,115.76,2067.0
810746,2021-11-02 06:56:28,88.4,367.5,-69.70001,4.105,4.064,32,29,38.55,115.93,2075.0
810747,2021-11-02 06:56:36,88.4,367.7,-69.70001,4.105,4.066,32,29,38.61,116.13,2083.0
810748,2021-11-02 06:56:44,88.4,367.8,-69.80002,4.107,4.066,32,29,38.67,116.3,2091.0
810749,2021-11-02 06:56:52,88.8,368.0,-69.80002,4.108,4.067,32,29,38.73,116.46,2099.0
810750,2021-11-02 06:57:00,88.8,368.0,-69.70001,4.109,4.069,32,29,38.78,116.64,2107.0
810751,2021-11-02 06:57:08,88.8,368.2,-69.70001,4.111,4.071,32,29,38.85,116.82,2115.0
810752,2021-11-02 06:57:16,89.2,368.3,-69.70001,4.112,4.073,32,29,38.9,117.0,2123.0
810753,2021-11-02 06:57:24,89.2,368.5,-69.70001,4.114,4.073,32,29,38.96,117.17,2131.0
810754,2021-11-02 06:57:32,89.2,368.5,-69.70001,4.115,4.074,32,29,39.02,117.35,2139.0
810755,2021-11-02 06:57:40,89.6,368.6,-69.80002,4.116,4.075,32,29,39.08,117.52,2147.0
810756,2021-11-02 06:57:48,89.6,368.8,-69.70001,4.118,4.076,32,29,39.14,117.7,2155.0
810757,2021-11-02 06:57:56,89.6,368.9,-69.70001,4.119,4.078,32,29,39.2,117.88,2163.0
810758,2021-11-02 06:58:04,90.0,368.9,-69.70001,4.121,4.079,32,29,39.25,118.05,2171.0
810759,2021-11-02 06:58:12,90.0,369.1,-69.70001,4.122,4.081,32,29,39.32,118.25,2179.0
810760,2021-11-02 06:58:20,90.0,369.4,-69.70001,4.123,4.082,32,29,39.38,118.42,2187.0
810761,2021-11-02 06:58:28,90.4,369.3,-69.70001,4.124,4.083,32,29,39.43,118.58,2195.0
810762,2021-11-02 06:58:36,90.4,369.6,-69.70001,4.126,4.084,32,29,39.5,118.76,2203.0
810763,2021-11-02 06:58:44,90.4,369.6,-69.80002,4.127,4.086,32,29,39.55,118.93,2211.0
810764,2021-11-02 06:58:52,90.8,369.7,-69.70001,4.128,4.087,32,29,39.61,119.11,2219.0
810765,2021-11-02 06:59:00,90.8,369.9,-69.70001,4.13,4.089,32,29,39.67,119.28,2227.0
810766,2021-11-02 06:59:08,90.8,369.9,-69.70001,4.131,4.09,32,29,39.73,119.46,2235.0
810767,2021-11-02 06:59:16,91.2,370.0,-69.70001,4.132,4.091,32,29,39.78,119.64,2243.0
810768,2021-11-02 06:59:24,91.2,370.2,-69.70001,4.133,4.093,32,29,39.85,119.82,2251.0
810769,2021-11-02 06:59:32,91.2,370.2,-69.80002,4.135,4.094,32,29,39.91,120.01,2259.0
810770,2021-11-02 06:59:40,91.6,370.5,-69.80002,4.137,4.095,32,30,39.96,120.18,2267.0
810771,2021-11-02 06:59:48,91.6,370.5,-69.80002,4.138,4.097,32,30,40.03,120.36,2275.0
810772,2021-11-02 06:59:56,91.6,370.7,-69.70001,4.139,4.098,32,30,40.08,120.54,2283.0
810773,2021-11-02 07:00:04,92.0,370.7,-69.80002,4.139,4.099,32,30,40.14,120.7,2291.0
810774,2021-11-02 07:00:12,92.0,370.8,-69.80002,4.141,4.101,32,30,40.2,120.88,2299.0
810775,2021-11-02 07:00:20,92.0,371.0,-69.70001,4.143,4.102,32,30,40.25,121.05,2307.0
810776,2021-11-02 07:00:28,92.4,371.1,-69.70001,4.145,4.103,32,30,40.32,121.23,2315.0
810777,2021-11-02 07:00:36,92.4,371.1,-69.70001,4.145,4.104,32,30,40.37,121.4,2323.0
810778,2021-11-02 07:00:44,92.4,371.4,-69.70001,4.147,4.106,32,30,40.43,121.58,2331.0
810779,2021-11-02 07:00:52,92.8,371.4,-69.70001,4.147,4.107,32,30,40.49,121.75,2339.0
810780,2021-11-02 07:01:00,92.8,371.6,-69.70001,4.149,4.109,32,30,40.55,121.93,2347.0
810781,2021-11-02 07:01:08,92.8,371.8,-69.80002,4.151,4.11,32,30,40.61,122.13,2355.0
810782,2021-11-02 07:01:16,93.2,371.8,-69.80002,4.152,4.112,32,30,40.67,122.3,2363.0
810783,2021-11-02 07:01:24,93.2,371.9,-69.70001,4.153,4.113,32,30,40.73,122.48,2371.0
810784,2021-11-02 07:01:32,93.2,372.1,-69.80002,4.154,4.113,32,30,40.78,122.66,2379.0
810785,2021-11-02 07:01:40,93.6,372.2,-69.70001,4.156,4.115,32,30,40.84,122.8,2387.0
810786,2021-11-02 07:01:48,93.6,372.4,-69.80002,4.157,4.117,32,30,40.89,122.98,2395.0
810787,2021-11-02 07:01:56,93.6,372.4,-69.70001,4.158,4.118,32,30,40.96,123.15,2403.0
810788,2021-11-02 07:02:04,94.0,371.6,-41.30002,4.159,4.119,32,30,41.02,123.35,2411.0
810789,2021-11-02 07:02:12,94.0,371.4,-41.30002,4.14,4.108,32,30,41.05,123.44,2419.0
810790,2021-11-02 07:02:20,94.0,371.4,-41.30002,4.139,4.108,32,30,41.08,123.54,2427.0
810791,2021-11-02 07:02:28,94.0,371.4,-41.30002,4.139,4.107,32,30,41.12,123.65,2435.0
810792,2021-11-02 07:02:36,94.0,371.4,-41.39999,4.14,4.108,32,30,41.16,123.76,2443.0
810793,2021-11-02 07:02:44,94.4,371.4,-41.30002,4.14,4.109,32,30,41.19,123.86,2451.0
810794,2021-11-02 07:02:52,94.4,371.4,-41.30002,4.14,4.109,32,30,41.22,123.96,2459.0
810795,2021-11-02 07:03:00,94.4,371.6,-41.30002,4.141,4.109,32,30,41.25,124.05,2467.0
810796,2021-11-02 07:03:08,94.4,371.6,-41.30002,4.141,4.11,32,30,41.28,124.15,2475.0
810797,2021-11-02 07:03:16,94.4,371.6,-41.30002,4.141,4.11,32,30,41.32,124.25,2483.0
810798,2021-11-02 07:03:24,94.8,371.8,-41.30002,4.143,4.111,32,30,41.35,124.34,2491.0
810799,2021-11-02 07:03:32,94.8,371.8,-41.30002,4.143,4.111,32,30,41.38,124.44,2499.0
810800,2021-11-02 07:03:40,94.8,371.9,-41.20001,4.144,4.112,32,30,41.41,124.53,2507.0
810801,2021-11-02 07:03:48,94.8,371.9,-41.20001,4.145,4.113,32,30,41.44,124.63,2515.0
810802,2021-11-02 07:03:56,94.8,371.9,-41.20001,4.145,4.114,32,30,41.48,124.75,2523.0
810803,2021-11-02 07:04:04,94.8,372.1,-41.20001,4.145,4.114,32,30,41.51,124.84,2531.0
810804,2021-11-02 07:04:12,95.2,372.1,-41.20001,4.146,4.115,32,30,41.55,124.95,2539.0
810805,2021-11-02 07:04:20,95.2,372.1,-41.20001,4.146,4.115,32,30,41.58,125.05,2547.0
810806,2021-11-02 07:04:28,95.2,372.2,-41.20001,4.147,4.116,32,30,41.61,125.14,2555.0
810807,2021-11-02 07:04:36,95.2,372.2,-41.30002,4.148,4.117,32,30,41.64,125.24,2563.0
810808,2021-11-02 07:04:44,95.2,372.4,-41.30002,4.149,4.118,32,30,41.68,125.34,2571.0
810809,2021-11-02 07:04:52,95.6,372.4,-41.30002,4.15,4.118,32,30,41.71,125.43,2579.0
810810,2021-11-02 07:05:00,95.6,372.4,-41.20001,4.15,4.119,32,30,41.75,125.53,2587.0
810811,2021-11-02 07:05:08,95.6,372.5,-41.20001,4.151,4.12,32,30,41.78,125.63,2595.0
810812,2021-11-02 07:05:16,95.6,372.5,-41.20001,4.152,4.121,32,30,41.81,125.72,2603.0
810813,2021-11-02 07:05:24,95.6,372.5,-41.20001,4.152,4.121,32,30,41.84,125.82,2611.0
810814,2021-11-02 07:05:32,96.0,372.7,-41.20001,4.153,4.123,32,30,41.87,125.92,2619.0
810815,2021-11-02 07:05:40,96.0,372.7,-41.20001,4.154,4.123,32,30,41.91,126.03,2627.0
810816,2021-11-02 07:05:48,96.0,372.9,-41.20001,4.155,4.123,32,30,41.94,126.12,2635.0
810817,2021-11-02 07:05:56,96.0,372.9,-41.20001,4.155,4.124,32,30,41.97,126.22,2643.0
810818,2021-11-02 07:06:04,96.0,373.0,-41.20001,4.156,4.126,32,30,42.0,126.32,2651.0
810819,2021-11-02 07:06:12,96.0,373.0,-41.20001,4.157,4.127,32,30,42.03,126.41,2659.0
810820,2021-11-02 07:06:20,96.4,373.0,-41.20001,4.158,4.126,32,30,42.07,126.53,2667.0
810821,2021-11-02 07:06:28,96.4,373.2,-41.20001,4.159,4.128,32,30,42.1,126.62,2675.0
810822,2021-11-02 07:06:36,96.4,373.2,-41.20001,4.159,4.127,32,30,42.14,126.71,2683.0
810823,2021-11-02 07:06:44,96.4,373.3,-41.20001,4.16,4.13,32,30,42.17,126.82,2691.0
810824,2021-11-02 07:06:52,96.4,373.3,-41.20001,4.16,4.129,32,30,42.2,126.89,2699.0
810825,2021-11-02 07:07:00,96.8,373.3,-41.20001,4.162,4.13,32,30,42.24,127.0,2707.0
810826,2021-11-02 07:07:08,96.8,373.5,-41.20001,4.162,4.131,32,30,42.27,127.1,2715.0
810827,2021-11-02 07:07:16,96.8,373.5,-41.20001,4.163,4.132,32,30,42.3,127.2,2723.0
810828,2021-11-02 07:07:24,96.8,373.6,-41.20001,4.164,4.133,32,30,42.33,127.29,2731.0
810829,2021-11-02 07:07:32,96.8,373.8,-41.20001,4.165,4.133,32,30,42.36,127.39,2739.0
810830,2021-11-02 07:07:40,97.2,373.8,-41.10001,4.165,4.134,32,30,42.4,127.5,2747.0
810831,2021-11-02 07:07:48,97.2,373.8,-41.20001,4.165,4.134,32,30,42.43,127.6,2755.0
810832,2021-11-02 07:07:56,97.2,373.9,-41.20001,4.167,4.135,32,30,42.46,127.69,2763.0
810833,2021-11-02 07:08:04,97.2,373.9,-41.20001,4.168,4.136,32,30,42.5,127.79,2771.0
810834,2021-11-02 07:08:12,97.2,374.1,-41.20001,4.169,4.137,32,30,42.53,127.89,2779.0
810835,2021-11-02 07:08:20,97.2,374.1,-41.20001,4.169,4.137,32,30,42.56,127.96,2787.0
810836,2021-11-02 07:08:28,97.6,374.1,-41.20001,4.17,4.138,32,30,42.59,128.07,2795.0
810837,2021-11-02 07:08:36,97.6,374.3,-41.20001,4.17,4.14,32,30,42.62,128.17,2803.0
810838,2021-11-02 07:08:44,97.6,374.4,-41.20001,4.172,4.14,32,30,42.66,128.27,2811.0
810839,2021-11-02 07:08:52,97.6,374.4,-41.20001,4.171,4.14,32,30,42.69,128.37,2819.0
810840,2021-11-02 07:09:00,97.6,374.4,-41.20001,4.173,4.141,32,30,42.72,128.46,2827.0
