number,record_time,soc,pack_voltage,charge_current,max_cell_voltage,min_cell_voltage,max_temperature,min_temperature,available_energy,available_capacity,charging_duration_seconds
389750,2020-08-26 00:20:53,13.2,322.8,-70.0,3.613,3.577,38,36,5.87,17.65,0.0
389751,2020-08-26 00:21:03,13.2,323.2,-70.10001,3.618,3.581,38,36,5.93,17.85,10.0
389752,2020-08-26 00:21:13,13.6,323.5,-70.0,3.62,3.585,38,36,6.0,18.06,20.0
389753,2020-08-26 00:21:23,13.6,323.6,-70.10001,3.622,3.587,38,36,6.08,18.27,30.0
389754,2020-08-26 00:21:33,14.0,323.8,-70.0,3.625,3.589,38,36,6.14,18.47,40.0
389755,2020-08-26 00:21:43,14.0,323.9,-70.0,3.626,3.591,38,36,6.21,18.66,50.0
389756,2020-08-26 00:21:53,14.0,324.1,-70.0,3.629,3.592,39,36,6.26,18.84,60.0
389757,2020-08-26 00:22:03,14.4,324.2,-70.10001,3.63,3.594,39,36,6.33,19.05,70.0
389758,2020-08-26 00:22:13,14.4,324.4,-70.10001,3.632,3.596,39,36,6.4,19.25,80.0
389759,2020-08-26 00:22:23,14.4,324.6,-70.10001,3.632,3.598,39,36,6.46,19.44,90.0
389760,2020-08-26 00:22:33,14.8,324.7,-70.10001,3.634,3.599,39,36,6.54,19.65,100.0
389761,2020-08-26 00:22:43,14.8,324.9,-70.10001,3.636,3.6,39,36,6.6,19.85,110.0
389762,2020-08-26 00:22:53,15.2,324.9,-70.10001,3.637,3.601,39,36,6.67,20.06,120.0
389763,2020-08-26 00:23:03,15.2,325.2,-70.10001,3.639,3.603,39,36,6.74,20.27,130.0
389764,2020-08-26 00:23:13,15.2,325.2,-70.10001,3.64,3.604,39,36,6.81,20.47,140.0
389765,2020-08-26 00:23:23,15.6,325.3,-70.10001,3.642,3.606,39,36,6.87,20.65,150.0
389766,2020-08-26 00:23:33,15.6,325.3,-70.10001,3.643,3.607,39,36,6.93,20.85,160.0
389767,2020-08-26 00:23:43,15.6,325.5,-70.10001,3.644,3.608,39,36,7.0,21.05,170.0
389768,2020-08-26 00:23:53,16.0,325.7,-70.10001,3.646,3.609,39,36,7.07,21.25,180.0
389769,2020-08-26 00:24:03,16.0,325.8,-70.0,3.646,3.61,39,36,7.13,21.45,190.0
389770,2020-08-26 00:24:13,16.4,326.0,-70.10001,3.647,3.611,39,36,7.2,21.67,200.0
389771,2020-08-26 00:24:23,16.4,326.0,-70.10001,3.648,3.613,39,36,7.27,21.87,210.0
389772,2020-08-26 00:24:33,16.4,326.1,-70.10001,3.65,3.614,39,36,7.34,22.07,220.0
389773,2020-08-26 00:24:43,16.8,326.1,-70.10001,3.651,3.616,39,36,7.41,22.28,230.0
389774,2020-08-26 00:24:53,16.8,326.3,-70.10001,3.653,3.616,39,36,7.47,22.47,240.0
389775,2020-08-26 00:25:03,16.8,326.4,-70.0,3.653,3.618,39,36,7.53,22.65,250.0
389776,2020-08-26 00:25:13,17.2,326.4,-70.10001,3.654,3.619,39,36,7.6,22.85,260.0
389777,2020-08-26 00:25:23,17.2,326.6,-70.10001,3.655,3.62,39,36,7.67,23.06,270.0
389778,2020-08-26 00:25:33,17.6,326.7,-70.10001,3.656,3.622,39,36,7.74,23.25,280.0
389779,2020-08-26 00:25:43,17.6,326.7,-70.10001,3.657,3.622,39,36,7.81,23.48,290.0
389780,2020-08-26 00:25:53,17.6,326.9,-70.20001,3.658,3.624,39,36,7.87,23.68,300.0
389781,2020-08-26 00:26:03,18.0,326.9,-70.10001,3.659,3.624,39,36,7.94,23.87,310.0
389782,2020-08-26 00:26:13,18.0,327.1,-70.10001,3.659,3.626,39,36,8.0,24.07,320.0
389783,2020-08-26 00:26:23,18.4,327.2,-70.10001,3.662,3.627,39,36,8.07,24.28,330.0
389784,2020-08-26 00:26:33,18.4,327.2,-70.10001,3.661,3.628,39,36,8.13,24.46,340.0
389785,2020-08-26 00:26:43,18.4,327.4,-70.10001,3.663,3.629,39,36,8.2,24.66,350.0
389786,2020-08-26 00:26:53,18.8,327.4,-70.0,3.664,3.629,39,36,8.26,24.85,360.0
389787,2020-08-26 00:27:03,18.8,327.5,-70.10001,3.664,3.631,39,36,8.33,25.07,370.0
389788,2020-08-26 00:27:13,18.8,327.5,-70.10001,3.664,3.632,39,36,8.4,25.26,380.0
389789,2020-08-26 00:27:23,19.2,327.7,-70.0,3.666,3.633,39,36,8.47,25.47,390.0
389790,2020-08-26 00:27:33,19.2,327.7,-70.0,3.668,3.634,39,36,8.53,25.67,400.0
389791,2020-08-26 00:27:43,19.6,327.8,-70.10001,3.667,3.634,39,36,8.61,25.88,410.0
389792,2020-08-26 00:27:53,19.6,327.8,-70.10001,3.668,3.635,39,36,8.67,26.07,420.0
389793,2020-08-26 00:28:03,19.6,328.0,-70.0,3.668,3.636,39,36,8.74,26.27,430.0
389794,2020-08-26 00:28:13,20.0,328.0,-70.10001,3.67,3.637,39,36,8.79,26.45,440.0
389795,2020-08-26 00:28:23,20.0,328.2,-70.10001,3.67,3.638,39,36,8.86,26.66,450.0
389796,2020-08-26 00:28:33,20.0,328.2,-70.10001,3.67,3.638,39,36,8.929999,26.85,460.0
389797,2020-08-26 00:28:43,20.4,328.2,-70.0,3.671,3.64,39,36,9.0,27.06,470.0
389798,2020-08-26 00:28:53,20.4,328.3,-70.0,3.671,3.64,39,36,9.07,27.28,480.0
389799,2020-08-26 00:29:03,20.4,328.3,-70.10001,3.672,3.641,39,36,9.139999,27.47,490.0
389800,2020-08-26 00:29:13,20.8,328.5,-70.10001,3.673,3.642,39,36,9.2,27.67,500.0
389801,2020-08-26 00:29:23,20.8,328.5,-70.0,3.674,3.643,39,36,9.27,27.87,510.0
389802,2020-08-26 00:29:33,21.2,328.6,-70.10001,3.674,3.643,39,36,9.34,28.08,520.0
389803,2020-08-26 00:29:43,21.2,328.6,-70.10001,3.675,3.644,39,36,9.4,28.26,530.0
389804,2020-08-26 00:29:53,21.2,328.6,-70.10001,3.676,3.645,39,36,9.46,28.45,540.0
389805,2020-08-26 00:30:03,21.6,328.8,-70.10001,3.675,3.645,39,36,9.53,28.64,550.0
389806,2020-08-26 00:30:13,21.6,328.8,-70.10001,3.676,3.646,39,36,9.599999,28.87,560.0
389807,2020-08-26 00:30:23,21.6,328.8,-70.0,3.677,3.646,39,36,9.67,29.07,570.0
389808,2020-08-26 00:30:33,22.0,328.8,-70.10001,3.678,3.648,39,36,9.73,29.26,580.0
389809,2020-08-26 00:30:43,22.0,328.9,-70.0,3.678,3.648,39,36,9.8,29.46,590.0
389810,2020-08-26 00:30:53,22.4,328.9,-70.10001,3.678,3.649,39,36,9.87,29.67,600.0
389811,2020-08-26 00:31:03,22.4,329.1,-70.0,3.679,3.65,39,36,9.94,29.87,610.0
389812,2020-08-26 00:31:13,22.4,329.1,-70.10001,3.679,3.65,39,36,9.99,30.05,620.0
389813,2020-08-26 00:31:23,22.8,329.1,-70.10001,3.679,3.651,39,36,10.06,30.24,630.0
389814,2020-08-26 00:31:33,22.8,329.1,-70.10001,3.68,3.652,39,36,10.12,30.44,640.0
389815,2020-08-26 00:31:43,22.8,329.2,-70.10001,3.68,3.652,39,36,10.19,30.65,650.0
389816,2020-08-26 00:31:53,23.2,329.2,-70.10001,3.681,3.652,39,36,10.27,30.87,660.0
389817,2020-08-26 00:32:03,23.2,329.2,-70.10001,3.681,3.652,39,36,10.33,31.07,670.0
389818,2020-08-26 00:32:13,23.6,329.4,-70.10001,3.682,3.653,39,36,10.4,31.27,680.0
389819,2020-08-26 00:32:23,23.6,329.4,-70.10001,3.682,3.654,39,36,10.47,31.46,690.0
389820,2020-08-26 00:32:33,23.6,329.4,-70.10001,3.683,3.654,39,36,10.53,31.66,700.0
389821,2020-08-26 00:32:43,24.0,329.4,-70.10001,3.683,3.655,39,36,10.6,31.87,710.0
389822,2020-08-26 00:32:53,24.0,329.4,-70.10001,3.682,3.655,39,36,10.66,32.05,720.0
389823,2020-08-26 00:33:03,24.0,329.6,-70.10001,3.685,3.656,39,36,10.73,32.25,730.0
389824,2020-08-26 00:33:13,24.4,329.6,-70.0,3.684,3.655,39,36,10.79,32.46,740.0
389825,2020-08-26 00:33:23,24.4,329.6,-70.10001,3.685,3.656,39,36,10.86,32.67,750.0
389826,2020-08-26 00:33:33,24.8,329.6,-70.10001,3.685,3.656,39,36,10.93,32.86,760.0
389827,2020-08-26 00:33:43,24.8,329.7,-70.0,3.686,3.657,39,36,10.99,33.06,770.0
389828,2020-08-26 00:33:53,24.8,329.9,-70.0,3.686,3.658,39,36,11.06,33.26,780.0
389829,2020-08-26 00:34:03,25.2,329.7,-70.0,3.687,3.658,39,36,11.13,33.47,790.0
389830,2020-08-26 00:34:13,25.2,329.9,-70.0,3.686,3.658,39,36,11.19,33.66,800.0
389831,2020-08-26 00:34:23,25.2,329.9,-70.0,3.687,3.659,39,37,11.26,33.84,810.0
389832,2020-08-26 00:34:33,25.6,329.9,-70.10001,3.688,3.66,39,37,11.32,34.04,820.0
389833,2020-08-26 00:34:44,25.6,329.9,-70.10001,3.688,3.661,39,36,11.39,34.27,831.0
389834,2020-08-26 00:34:54,26.0,330.0,-70.10001,3.689,3.661,39,37,11.46,34.46,841.0
389835,2020-08-26 00:35:04,26.0,330.0,-70.0,3.689,3.661,39,37,11.52,34.66,851.0
389836,2020-08-26 00:35:14,26.0,330.0,-70.0,3.69,3.661,39,37,11.6,34.87,861.0
389837,2020-08-26 00:35:24,26.4,330.0,-70.10001,3.69,3.662,39,37,11.66,35.06,871.0
389838,2020-08-26 00:35:34,26.4,330.2,-70.10001,3.69,3.663,39,37,11.73,35.26,881.0
389839,2020-08-26 00:35:44,26.4,330.2,-70.10001,3.691,3.663,39,37,11.8,35.47,891.0
389840,2020-08-26 00:35:54,26.8,330.2,-70.0,3.692,3.663,39,37,11.86,35.67,901.0
389841,2020-08-26 00:36:04,26.8,330.2,-70.10001,3.691,3.664,39,37,11.92,35.85,911.0
389842,2020-08-26 00:36:14,27.2,330.3,-70.10001,3.693,3.664,39,37,11.99,36.05,921.0
389843,2020-08-26 00:36:24,27.2,330.3,-70.10001,3.692,3.664,39,37,12.06,36.27,931.0
389844,2020-08-26 00:36:34,27.2,330.5,-70.10001,3.693,3.666,39,37,12.13,36.46,941.0
389845,2020-08-26 00:36:44,27.6,330.5,-70.0,3.694,3.665,39,37,12.19,36.66,951.0
389846,2020-08-26 00:36:54,27.6,330.5,-70.0,3.694,3.666,39,37,12.26,36.87,961.0
389847,2020-08-26 00:37:04,27.6,330.5,-70.10001,3.694,3.666,39,37,12.33,37.07,971.0
389848,2020-08-26 00:37:14,28.0,330.5,-70.0,3.695,3.667,39,37,12.39,37.26,981.0
389849,2020-08-26 00:37:24,28.0,330.5,-70.10001,3.695,3.667,39,37,12.46,37.46,991.0
389850,2020-08-26 00:37:34,28.4,330.7,-70.0,3.696,3.668,39,37,12.52,37.66,1001.0
389851,2020-08-26 00:37:44,28.4,330.7,-70.10001,3.696,3.668,39,37,12.59,37.87,1011.0
389852,2020-08-26 00:37:54,28.4,330.7,-70.10001,3.696,3.669,39,37,12.66,38.06,1021.0
389853,2020-08-26 00:38:04,28.8,330.8,-70.0,3.697,3.668,39,37,12.73,38.28,1031.0
389854,2020-08-26 00:38:14,28.8,330.8,-70.0,3.698,3.669,39,37,12.8,38.47,1041.0
389855,2020-08-26 00:38:24,28.8,330.8,-70.10001,3.698,3.67,39,37,12.86,38.66,1051.0
389856,2020-08-26 00:38:34,29.2,330.8,-70.10001,3.699,3.67,39,37,12.93,38.88,1061.0
389857,2020-08-26 00:38:44,29.2,331.0,-70.10001,3.699,3.671,39,37,13.0,39.07,1071.0
389858,2020-08-26 00:38:54,29.6,331.0,-70.10001,3.7,3.671,39,37,13.06,39.27,1081.0
389859,2020-08-26 00:39:04,29.6,331.1,-70.10001,3.7,3.671,39,37,13.13,39.46,1091.0
389860,2020-08-26 00:39:14,29.6,331.1,-70.0,3.7,3.672,39,37,13.19,39.68,1101.0
389861,2020-08-26 00:39:24,30.0,331.1,-70.0,3.701,3.673,39,37,13.26,39.87,1111.0
389862,2020-08-26 00:39:34,30.0,331.1,-70.0,3.702,3.674,39,37,13.33,40.07,1121.0
389863,2020-08-26 00:39:44,30.0,331.1,-70.0,3.703,3.673,39,37,13.39,40.27,1131.0
389864,2020-08-26 00:39:54,30.4,331.3,-70.0,3.703,3.673,39,37,13.46,40.48,1141.0
389865,2020-08-26 00:40:04,30.4,331.3,-70.0,3.702,3.674,39,37,13.52,40.67,1151.0
389866,2020-08-26 00:40:14,30.8,331.3,-70.10001,3.703,3.674,39,37,13.59,40.86,1161.0
389867,2020-08-26 00:40:24,30.8,331.4,-70.0,3.704,3.675,39,37,13.66,41.07,1171.0
389868,2020-08-26 00:40:34,30.8,331.4,-70.0,3.705,3.675,39,37,13.72,41.27,1181.0
389869,2020-08-26 00:40:44,31.2,331.4,-70.0,3.706,3.676,39,37,13.79,41.47,1191.0
389870,2020-08-26 00:40:54,31.2,331.4,-70.10001,3.706,3.676,39,37,13.86,41.68,1201.0
389871,2020-08-26 00:41:04,31.2,331.6,-70.10001,3.707,3.676,39,37,13.92,41.87,1211.0
389872,2020-08-26 00:41:14,31.6,331.6,-70.0,3.708,3.676,39,37,13.99,42.07,1221.0
389873,2020-08-26 00:41:24,31.6,331.6,-70.0,3.707,3.678,39,37,14.05,42.26,1231.0
389874,2020-08-26 00:41:34,32.0,331.7,-70.0,3.708,3.678,39,37,14.13,42.47,1241.0
389875,2020-08-26 00:41:44,32.0,331.7,-70.0,3.708,3.679,39,37,14.19,42.67,1251.0
389876,2020-08-26 00:41:54,32.0,331.7,-70.0,3.708,3.679,39,37,14.26,42.87,1261.0
389877,2020-08-26 00:42:04,32.4,331.7,-70.0,3.709,3.679,39,37,14.32,43.06,1271.0
389878,2020-08-26 00:42:14,32.4,331.9,-70.10001,3.71,3.68,39,37,14.4,43.29,1281.0
389879,2020-08-26 00:42:24,32.4,331.9,-70.0,3.711,3.68,39,37,14.46,43.47,1291.0
389880,2020-08-26 00:42:34,32.8,332.1,-70.0,3.711,3.681,39,37,14.52,43.67,1301.0
389881,2020-08-26 00:42:44,32.8,332.1,-70.0,3.712,3.682,39,37,14.59,43.87,1311.0
389882,2020-08-26 00:42:54,33.2,332.1,-70.10001,3.712,3.682,39,37,14.66,44.07,1321.0
389883,2020-08-26 00:43:04,33.2,332.1,-70.0,3.712,3.683,40,37,14.72,44.27,1331.0
389884,2020-08-26 00:43:14,33.2,332.2,-70.0,3.713,3.683,40,37,14.79,44.46,1341.0
389885,2020-08-26 00:43:24,33.6,332.2,-70.10001,3.714,3.683,40,37,14.86,44.67,1351.0
389886,2020-08-26 00:43:34,33.6,332.2,-70.10001,3.715,3.684,40,37,14.92,44.87,1361.0
389887,2020-08-26 00:43:44,33.6,332.4,-70.0,3.715,3.685,40,37,15.0,45.08,1371.0
389888,2020-08-26 00:43:54,34.0,332.4,-70.0,3.717,3.685,40,37,15.06,45.28,1381.0
389889,2020-08-26 00:44:04,34.0,332.4,-70.10001,3.716,3.686,40,37,15.12,45.47,1391.0
389890,2020-08-26 00:44:14,34.4,332.4,-70.0,3.717,3.686,40,37,15.19,45.67,1401.0
389891,2020-08-26 00:44:24,34.4,332.4,-70.0,3.717,3.687,40,37,15.25,45.87,1411.0
389892,2020-08-26 00:44:34,34.4,332.5,-70.0,3.718,3.688,40,37,15.33,46.07,1421.0
389893,2020-08-26 00:44:44,34.8,332.7,-70.10001,3.718,3.688,40,37,15.39,46.27,1431.0
389894,2020-08-26 00:44:54,34.8,332.7,-70.10001,3.719,3.688,40,37,15.46,46.47,1441.0
389895,2020-08-26 00:45:04,34.8,332.7,-70.10001,3.719,3.689,40,37,15.52,46.66,1451.0
389896,2020-08-26 00:45:14,35.2,332.7,-70.10001,3.72,3.689,40,38,15.59,46.89,1461.0
389897,2020-08-26 00:45:24,35.2,332.8,-70.0,3.721,3.69,40,38,15.66,47.07,1471.0
389898,2020-08-26 00:45:34,35.6,332.8,-70.10001,3.722,3.69,40,38,15.72,47.27,1481.0
389899,2020-08-26 00:45:44,35.6,332.8,-70.10001,3.723,3.691,40,37,15.79,47.48,1491.0
389900,2020-08-26 00:45:54,35.6,332.8,-70.0,3.722,3.691,40,38,15.86,47.67,1501.0
389901,2020-08-26 00:46:04,36.0,333.0,-70.10001,3.723,3.692,40,38,15.92,47.86,1511.0
389902,2020-08-26 00:46:14,36.0,333.0,-70.10001,3.723,3.693,40,38,15.99,48.07,1521.0
389903,2020-08-26 00:46:24,36.0,333.2,-70.10001,3.724,3.693,40,38,16.06,48.27,1531.0
389904,2020-08-26 00:46:34,36.4,333.2,-70.10001,3.725,3.693,40,38,16.12,48.47,1541.0
389905,2020-08-26 00:46:44,36.4,333.2,-70.0,3.725,3.693,40,38,16.19,48.68,1551.0
389906,2020-08-26 00:46:54,36.8,333.3,-70.10001,3.726,3.694,40,38,16.26,48.89,1561.0
389907,2020-08-26 00:47:04,36.8,333.3,-70.0,3.727,3.695,40,38,16.32,49.07,1571.0
389908,2020-08-26 00:47:14,36.8,333.5,-70.0,3.728,3.696,40,38,16.39,49.27,1581.0
389909,2020-08-26 00:47:24,37.2,333.5,-70.10001,3.729,3.697,40,38,16.45,49.47,1591.0
389910,2020-08-26 00:47:34,37.2,333.5,-70.0,3.729,3.697,40,38,16.52,49.68,1601.0
389911,2020-08-26 00:47:44,37.2,333.5,-70.0,3.729,3.698,40,38,16.58,49.87,1611.0
389912,2020-08-26 00:47:54,37.6,333.6,-70.0,3.731,3.698,40,38,16.65,50.06,1621.0
389913,2020-08-26 00:48:04,37.6,333.6,-70.0,3.732,3.698,40,38,16.71,50.26,1631.0
389914,2020-08-26 00:48:14,38.0,333.8,-70.0,3.732,3.699,40,38,16.79,50.49,1641.0
389915,2020-08-26 00:48:24,38.0,333.8,-70.0,3.732,3.7,40,38,16.86,50.69,1651.0
389916,2020-08-26 00:48:34,38.0,333.9,-70.10001,3.733,3.701,40,38,16.93,50.9,1661.0
389917,2020-08-26 00:48:44,38.4,333.9,-70.10001,3.733,3.702,40,38,16.99,51.08,1671.0
389918,2020-08-26 00:48:54,38.4,333.9,-70.0,3.734,3.702,40,38,17.05,51.27,1681.0
389919,2020-08-26 00:49:04,38.4,334.1,-70.0,3.735,3.702,40,38,17.12,51.46,1691.0
389920,2020-08-26 00:49:14,38.8,334.1,-70.0,3.736,3.703,40,38,17.19,51.68,1701.0
389921,2020-08-26 00:49:24,38.8,334.1,-70.10001,3.737,3.704,40,38,17.25,51.87,1711.0
389922,2020-08-26 00:49:34,39.2,334.2,-70.0,3.737,3.704,40,38,17.32,52.07,1721.0
389923,2020-08-26 00:49:44,39.2,334.2,-70.10001,3.738,3.705,40,38,17.4,52.3,1731.0
389924,2020-08-26 00:49:54,39.2,334.2,-70.0,3.738,3.705,40,38,17.46,52.49,1741.0
389925,2020-08-26 00:50:04,39.6,334.4,-70.10001,3.739,3.706,40,38,17.53,52.71,1751.0
389926,2020-08-26 00:50:14,39.6,334.4,-69.89999,3.74,3.707,40,38,17.6,52.9,1761.0
389927,2020-08-26 00:50:24,39.6,334.6,-70.0,3.741,3.708,40,38,17.65,53.08,1771.0
389928,2020-08-26 00:50:34,40.0,334.6,-70.0,3.742,3.708,40,38,17.72,53.28,1781.0
389929,2020-08-26 00:50:44,40.0,334.6,-70.0,3.742,3.709,40,38,17.79,53.48,1791.0
389930,2020-08-26 00:50:54,40.4,334.7,-70.0,3.744,3.709,40,38,17.86,53.69,1801.0
389931,2020-08-26 00:51:04,40.4,334.7,-70.0,3.744,3.71,40,38,17.92,53.88,1811.0
389932,2020-08-26 00:51:14,40.4,334.9,-70.0,3.744,3.711,40,38,17.99,54.1,1821.0
389933,2020-08-26 00:51:24,40.8,334.9,-70.0,3.745,3.711,40,38,18.06,54.3,1831.0
389934,2020-08-26 00:51:34,40.8,335.0,-70.0,3.746,3.712,40,38,18.13,54.5,1841.0
389935,2020-08-26 00:51:44,41.2,335.0,-70.0,3.747,3.713,41,38,18.19,54.71,1851.0
389936,2020-08-26 00:51:54,41.2,335.0,-70.0,3.748,3.715,41,38,18.26,54.89,1861.0
389937,2020-08-26 00:52:04,41.2,335.2,-70.0,3.749,3.715,41,38,18.32,55.08,1871.0
389938,2020-08-26 00:52:14,41.6,335.2,-70.0,3.75,3.715,41,38,18.39,55.3,1881.0
389939,2020-08-26 00:52:24,41.6,335.3,-70.0,3.75,3.715,41,38,18.45,55.49,1891.0
389940,2020-08-26 00:52:34,41.6,335.3,-70.0,3.751,3.717,41,38,18.52,55.68,1901.0
389941,2020-08-26 00:52:44,42.0,335.5,-70.10001,3.752,3.718,41,38,18.6,55.91,1911.0
389942,2020-08-26 00:52:54,42.0,335.7,-70.0,3.753,3.718,41,38,18.66,56.11,1921.0
389943,2020-08-26 00:53:04,42.4,335.7,-70.10001,3.753,3.719,41,38,18.73,56.32,1931.0
389944,2020-08-26 00:53:14,42.4,335.7,-70.10001,3.755,3.719,41,38,18.8,56.52,1941.0
389945,2020-08-26 00:53:24,42.4,335.8,-70.0,3.755,3.721,41,38,18.86,56.7,1951.0
389946,2020-08-26 00:53:34,42.8,335.8,-70.0,3.756,3.721,41,38,18.93,56.91,1961.0
389947,2020-08-26 00:53:44,42.8,336.0,-70.0,3.757,3.722,41,38,18.99,57.1,1971.0
389948,2020-08-26 00:53:54,42.8,336.0,-70.0,3.757,3.722,41,38,19.06,57.32,1981.0
389949,2020-08-26 00:54:04,43.2,336.1,-70.0,3.757,3.724,41,38,19.13,57.51,1991.0
389950,2020-08-26 00:54:14,43.2,336.3,-70.0,3.759,3.724,41,38,19.21,57.74,2001.0
389951,2020-08-26 00:54:24,43.6,336.1,-70.10001,3.761,3.725,41,38,19.27,57.93,2011.0
389952,2020-08-26 00:54:34,43.6,336.3,-70.0,3.762,3.726,41,38,19.34,58.14,2021.0
389953,2020-08-26 00:54:44,43.6,336.4,-70.0,3.763,3.726,41,38,19.4,58.34,2031.0
389954,2020-08-26 00:54:54,44.0,336.4,-70.0,3.763,3.726,41,38,19.47,58.52,2041.0
389955,2020-08-26 00:55:04,44.0,336.6,-70.0,3.764,3.728,41,38,19.54,58.73,2051.0
389956,2020-08-26 00:55:14,44.0,336.4,-70.0,3.765,3.729,41,39,19.6,58.95,2061.0
389957,2020-08-26 00:55:24,44.4,336.8,-70.0,3.766,3.729,41,39,19.67,59.14,2071.0
389958,2020-08-26 00:55:34,44.4,336.8,-70.10001,3.767,3.73,41,39,19.74,59.35,2081.0
389959,2020-08-26 00:55:44,44.8,336.9,-70.0,3.769,3.731,41,39,19.81,59.57,2091.0
389960,2020-08-26 00:55:54,44.8,336.9,-70.0,3.769,3.732,41,39,19.88,59.77,2101.0
389961,2020-08-26 00:56:04,44.8,337.1,-70.0,3.77,3.733,41,39,19.95,59.99,2111.0
389962,2020-08-26 00:56:14,45.2,337.2,-70.10001,3.771,3.735,41,39,20.02,60.18,2121.0
389963,2020-08-26 00:56:24,45.2,337.2,-70.0,3.772,3.734,41,39,20.08,60.39,2131.0
389964,2020-08-26 00:56:34,45.6,337.4,-70.10001,3.773,3.736,41,39,20.15,60.57,2141.0
389965,2020-08-26 00:56:44,45.6,337.4,-70.10001,3.774,3.737,41,39,20.22,60.79,2151.0
389966,2020-08-26 00:56:54,45.6,337.5,-70.0,3.775,3.738,41,39,20.29,60.98,2161.0
389967,2020-08-26 00:57:04,46.0,337.5,-70.0,3.777,3.738,41,39,20.35,61.19,2171.0
389968,2020-08-26 00:57:14,46.0,337.7,-70.0,3.777,3.74,41,39,20.43,61.42,2181.0
389969,2020-08-26 00:57:24,46.0,337.7,-70.0,3.778,3.74,41,39,20.5,61.63,2191.0
389970,2020-08-26 00:57:34,46.4,337.8,-70.0,3.78,3.741,41,39,20.57,61.84,2201.0
389971,2020-08-26 00:57:44,46.4,337.8,-70.0,3.78,3.743,41,39,20.64,62.04,2211.0
389972,2020-08-26 00:57:54,46.8,338.0,-70.0,3.781,3.743,41,39,20.7,62.25,2221.0
389973,2020-08-26 00:58:04,46.8,338.2,-70.0,3.782,3.744,41,39,20.77,62.45,2231.0
389974,2020-08-26 00:58:14,46.8,338.2,-70.0,3.785,3.745,41,39,20.84,62.66,2241.0
389975,2020-08-26 00:58:24,47.2,338.3,-70.0,3.785,3.746,41,39,20.91,62.87,2251.0
389976,2020-08-26 00:58:34,47.2,338.3,-70.0,3.787,3.747,41,39,20.98,63.08,2261.0
389977,2020-08-26 00:58:44,47.6,338.5,-70.10001,3.787,3.747,41,39,21.05,63.31,2271.0
389978,2020-08-26 00:58:54,47.6,338.6,-70.0,3.789,3.749,41,39,21.13,63.52,2281.0
389979,2020-08-26 00:59:04,47.6,338.6,-70.0,3.79,3.749,41,39,21.2,63.73,2291.0
389980,2020-08-26 00:59:14,48.0,338.8,-70.0,3.791,3.751,41,39,21.27,63.94,2301.0
389981,2020-08-26 00:59:24,48.0,338.9,-70.10001,3.792,3.752,41,39,21.34,64.16,2311.0
389982,2020-08-26 00:59:34,48.4,339.1,-70.0,3.793,3.753,41,39,21.41,64.37,2321.0
389983,2020-08-26 00:59:44,48.4,339.1,-70.0,3.795,3.753,41,39,21.47,64.55,2331.0
389984,2020-08-26 00:59:54,48.4,339.3,-70.0,3.796,3.755,41,39,21.54,64.76,2341.0
389985,2020-08-26 01:00:04,48.8,339.3,-70.0,3.797,3.756,41,39,21.61,64.97,2351.0
389986,2020-08-26 01:00:14,48.8,339.4,-70.0,3.799,3.756,42,39,21.69,65.21,2361.0
389987,2020-08-26 01:00:24,49.2,339.6,-70.0,3.8,3.758,42,39,21.76,65.41,2371.0
389988,2020-08-26 01:00:34,49.2,339.7,-70.0,3.801,3.759,42,39,21.82,65.62,2381.0
389989,2020-08-26 01:00:44,49.2,339.7,-70.0,3.802,3.76,42,39,21.9,65.83,2391.0
389990,2020-08-26 01:00:54,49.6,339.9,-69.89999,3.803,3.761,42,39,21.97,66.06,2401.0
389991,2020-08-26 01:01:04,49.6,339.9,-70.0,3.805,3.762,42,39,22.04,66.26,2411.0
389992,2020-08-26 01:01:14,50.0,340.0,-70.0,3.807,3.764,42,39,22.11,66.49,2421.0
389993,2020-08-26 01:01:24,50.0,340.2,-70.0,3.808,3.765,42,39,22.18,66.67,2431.0
389994,2020-08-26 01:01:34,50.0,340.3,-70.0,3.81,3.766,42,39,22.24,66.87,2441.0
389995,2020-08-26 01:01:45,50.4,340.5,-70.0,3.811,3.766,42,39,22.33,67.12,2452.0
389996,2020-08-26 01:01:55,50.4,340.7,-70.0,3.812,3.768,42,39,22.4,67.33,2462.0
389997,2020-08-26 01:02:05,50.8,340.7,-70.0,3.814,3.769,42,39,22.46,67.54,2472.0
389998,2020-08-26 01:02:15,50.8,340.7,-70.10001,3.816,3.77,42,39,22.54,67.76,2482.0
389999,2020-08-26 01:02:25,50.8,341.0,-70.0,3.817,3.772,42,39,22.61,67.97,2492.0
390000,2020-08-26 01:02:35,51.2,341.1,-70.0,3.819,3.772,42,39,22.68,68.18,2502.0
390001,2020-08-26 01:02:45,51.2,341.3,-70.0,3.82,3.774,42,39,22.75,68.39,2512.0
390002,2020-08-26 01:02:55,51.6,341.3,-70.0,3.821,3.775,42,39,22.82,68.59,2522.0
390003,2020-08-26 01:03:05,51.6,341.4,-70.10001,3.822,3.776,42,39,22.88,68.8,2532.0
390004,2020-08-26 01:03:15,51.6,341.6,-70.0,3.824,3.777,42,39,22.97,69.05,2542.0
390005,2020-08-26 01:03:25,52.0,341.8,-70.10001,3.827,3.779,42,39,23.04,69.25,2552.0
390006,2020-08-26 01:03:35,52.0,341.9,-70.0,3.828,3.781,42,39,23.1,69.46,2562.0
390007,2020-08-26 01:03:45,52.4,342.1,-70.10001,3.829,3.781,42,39,23.17,69.68,2572.0
390008,2020-08-26 01:03:55,52.4,342.1,-70.0,3.831,3.783,42,39,23.25,69.89,2582.0
390009,2020-08-26 01:04:05,52.4,342.4,-70.0,3.833,3.785,42,39,23.32,70.1,2592.0
390010,2020-08-26 01:04:15,52.8,342.4,-70.0,3.834,3.786,42,39,23.39,70.31,2602.0
390011,2020-08-26 01:04:25,52.8,342.5,-70.10001,3.837,3.787,42,39,23.46,70.53,2612.0
390012,2020-08-26 01:04:35,53.2,342.7,-70.0,3.838,3.789,42,40,23.53,70.73,2622.0
390013,2020-08-26 01:04:45,53.2,342.8,-70.0,3.839,3.791,42,40,23.6,70.95,2632.0
390014,2020-08-26 01:04:55,53.2,343.0,-70.0,3.841,3.792,42,40,23.67,71.16,2642.0
390015,2020-08-26 01:05:05,53.6,343.2,-70.0,3.842,3.793,42,40,23.74,71.37,2652.0
390016,2020-08-26 01:05:15,53.6,343.3,-69.89999,3.844,3.795,42,40,23.81,71.58,2662.0
390017,2020-08-26 01:05:25,54.0,343.5,-70.0,3.846,3.796,42,40,23.88,71.8,2672.0
390018,2020-08-26 01:05:35,54.0,343.6,-70.0,3.847,3.797,42,40,23.95,72.01,2682.0
390019,2020-08-26 01:05:45,54.0,343.8,-70.10001,3.849,3.799,42,40,24.02,72.22,2692.0
390020,2020-08-26 01:05:55,54.4,343.8,-70.0,3.85,3.801,42,40,24.09,72.43,2702.0
390021,2020-08-26 01:06:05,54.4,343.9,-70.0,3.852,3.803,42,40,24.16,72.62,2712.0
390022,2020-08-26 01:06:15,54.8,344.1,-70.0,3.854,3.805,42,40,24.23,72.85,2722.0
390023,2020-08-26 01:06:25,54.8,344.3,-70.0,3.855,3.805,42,40,24.3,73.06,2732.0
390024,2020-08-26 01:06:35,54.8,344.4,-70.0,3.857,3.807,42,40,24.38,73.28,2742.0
390025,2020-08-26 01:06:45,55.2,344.7,-70.0,3.859,3.809,42,40,24.45,73.49,2752.0
390026,2020-08-26 01:06:55,55.2,344.7,-70.0,3.86,3.81,42,40,24.51,73.7,2762.0
390027,2020-08-26 01:07:05,55.6,344.9,-70.0,3.861,3.812,42,40,24.58,73.91,2772.0
390028,2020-08-26 01:07:15,55.6,345.0,-69.89999,3.863,3.813,42,40,24.66,74.13,2782.0
390029,2020-08-26 01:07:25,55.6,345.2,-70.10001,3.864,3.816,42,40,24.73,74.34,2792.0
390030,2020-08-26 01:07:35,56.0,345.3,-70.0,3.866,3.817,42,40,24.8,74.55,2802.0
390031,2020-08-26 01:07:45,56.0,345.5,-69.89999,3.867,3.819,42,40,24.86,74.76,2812.0
390032,2020-08-26 01:07:55,56.0,345.5,-70.0,3.87,3.82,42,40,24.94,74.97,2822.0
390033,2020-08-26 01:08:05,56.4,345.8,-70.0,3.87,3.822,42,40,25.01,75.18,2832.0
390034,2020-08-26 01:08:15,56.4,346.0,-70.0,3.872,3.824,42,40,25.08,75.39,2842.0
390035,2020-08-26 01:08:25,56.8,346.1,-70.0,3.874,3.826,42,40,25.15,75.61,2852.0
390036,2020-08-26 01:08:35,56.8,346.1,-70.0,3.875,3.827,42,40,25.22,75.82,2862.0
390037,2020-08-26 01:08:45,56.8,346.3,-70.0,3.876,3.829,43,40,25.29,76.03,2872.0
390038,2020-08-26 01:08:55,57.2,346.4,-70.0,3.878,3.83,43,40,25.36,76.24,2882.0
390039,2020-08-26 01:09:05,57.2,346.6,-70.0,3.88,3.832,43,40,25.43,76.47,2892.0
390040,2020-08-26 01:09:15,57.6,346.8,-70.10001,3.881,3.833,43,40,25.5,76.66,2902.0
390041,2020-08-26 01:09:25,57.6,346.9,-70.0,3.883,3.835,43,40,25.57,76.88,2912.0
390042,2020-08-26 01:09:35,57.6,346.9,-69.89999,3.884,3.837,43,40,25.63,77.07,2922.0
390043,2020-08-26 01:09:45,58.0,347.1,-70.0,3.886,3.838,43,40,25.7,77.28,2932.0
390044,2020-08-26 01:09:55,58.0,347.2,-70.0,3.887,3.839,43,40,25.78,77.5,2942.0
390045,2020-08-26 01:10:05,58.4,347.4,-70.0,3.888,3.841,43,40,25.85,77.71,2952.0
390046,2020-08-26 01:10:15,58.4,347.5,-70.0,3.889,3.842,43,40,25.92,77.92,2962.0
390047,2020-08-26 01:10:25,58.4,347.7,-70.0,3.891,3.844,43,40,25.99,78.13,2972.0
390048,2020-08-26 01:10:35,58.8,347.8,-70.0,3.892,3.845,43,40,26.06,78.35,2982.0
390049,2020-08-26 01:10:45,58.8,348.0,-70.10001,3.894,3.848,43,40,26.14,78.57,2992.0
390050,2020-08-26 01:10:55,59.2,348.2,-70.10001,3.894,3.849,43,40,26.19,78.75,3002.0
390051,2020-08-26 01:11:05,59.2,348.2,-69.89999,3.897,3.85,43,40,26.27,78.96,3012.0
390052,2020-08-26 01:11:15,59.2,348.3,-70.10001,3.898,3.852,43,40,26.34,79.17,3022.0
390053,2020-08-26 01:11:25,59.6,348.5,-70.0,3.899,3.853,43,40,26.4,79.39,3032.0
390054,2020-08-26 01:11:35,59.6,348.6,-70.0,3.9,3.853,43,40,26.47,79.58,3042.0
390055,2020-08-26 01:11:45,60.0,348.8,-69.89999,3.903,3.856,43,40,26.54,79.79,3052.0
390056,2020-08-26 01:11:55,60.0,348.9,-70.10001,3.904,3.858,43,40,26.61,80.00999,3062.0
390057,2020-08-26 01:12:05,60.0,348.9,-70.0,3.906,3.859,43,40,26.68,80.21,3072.0
390058,2020-08-26 01:12:15,60.4,349.1,-69.89999,3.907,3.859,43,40,26.75,80.41,3082.0
390059,2020-08-26 01:12:25,60.4,349.3,-70.0,3.908,3.862,43,40,26.82,80.62,3092.0
390060,2020-08-26 01:12:35,60.4,349.4,-70.0,3.91,3.864,43,40,26.89,80.83,3102.0
390061,2020-08-26 01:12:45,60.8,349.6,-70.0,3.911,3.865,43,40,26.96,81.05,3112.0
390062,2020-08-26 01:12:55,60.8,349.7,-70.10001,3.912,3.867,43,40,27.02,81.24,3122.0
390063,2020-08-26 01:13:05,61.2,349.7,-70.10001,3.914,3.868,43,40,27.09,81.45,3132.0
390064,2020-08-26 01:13:15,61.2,349.9,-70.0,3.914,3.869,43,40,27.16,81.67,3142.0
390065,2020-08-26 01:13:25,61.2,350.0,-70.0,3.916,3.87,43,40,27.24,81.88,3152.0
390066,2020-08-26 01:13:35,61.6,350.2,-70.0,3.917,3.873,43,40,27.3,82.08,3162.0
390067,2020-08-26 01:13:45,61.6,350.3,-70.0,3.919,3.874,43,40,27.37,82.3,3172.0
390068,2020-08-26 01:13:55,62.0,350.5,-70.0,3.919,3.874,43,40,27.44,82.49,3182.0
390069,2020-08-26 01:14:05,62.0,350.5,-70.0,3.922,3.877,43,40,27.51,82.71,3192.0
390070,2020-08-26 01:14:15,62.0,350.8,-70.0,3.924,3.878,43,40,27.57,82.9,3202.0
390071,2020-08-26 01:14:25,62.4,350.8,-70.0,3.925,3.879,43,40,27.65,83.12,3212.0
390072,2020-08-26 01:14:35,62.4,351.0,-69.89999,3.926,3.881,43,40,27.72,83.33,3222.0
390073,2020-08-26 01:14:45,62.8,351.1,-70.0,3.928,3.883,43,40,27.78,83.52,3232.0
390074,2020-08-26 01:14:55,62.8,351.1,-70.10001,3.928,3.884,43,40,27.85,83.74,3242.0
390075,2020-08-26 01:15:05,62.8,351.3,-70.0,3.93,3.885,43,40,27.93,83.95,3252.0
390076,2020-08-26 01:15:15,63.2,351.6,-70.0,3.931,3.887,43,40,28.0,84.18,3262.0
390077,2020-08-26 01:15:25,63.2,351.6,-70.0,3.933,3.888,43,40,28.06,84.35,3272.0
390078,2020-08-26 01:15:35,63.2,351.8,-70.0,3.935,3.89,43,40,28.13,84.56,3282.0
390079,2020-08-26 01:15:45,63.6,351.9,-70.10001,3.935,3.891,43,40,28.2,84.78,3292.0
390080,2020-08-26 01:15:55,63.6,351.9,-70.0,3.938,3.892,43,40,28.26,84.97,3302.0
390081,2020-08-26 01:16:05,64.0,352.1,-70.0,3.939,3.894,43,40,28.34,85.18,3312.0
390082,2020-08-26 01:16:15,64.0,352.2,-70.0,3.94,3.895,43,40,28.41,85.4,3322.0
390083,2020-08-26 01:16:25,64.0,352.4,-70.0,3.943,3.896,43,40,28.47,85.61,3332.0
390084,2020-08-26 01:16:35,64.4,352.5,-70.0,3.944,3.898,43,40,28.55,85.84,3342.0
390085,2020-08-26 01:16:45,64.4,352.7,-70.0,3.944,3.899,43,40,28.62,86.03,3352.0
390086,2020-08-26 01:16:55,64.8,352.7,-69.89999,3.946,3.901,43,40,28.68,86.22,3362.0
390087,2020-08-26 01:17:05,64.8,352.8,-69.89999,3.948,3.902,43,40,28.75,86.43999,3372.0
390088,2020-08-26 01:17:15,64.8,353.0,-70.10001,3.948,3.905,43,40,28.82,86.63,3382.0
390089,2020-08-26 01:17:25,65.2,353.2,-70.0,3.95,3.905,43,40,28.89,86.85,3392.0
390090,2020-08-26 01:17:35,65.2,353.3,-70.0,3.951,3.906,43,40,28.96,87.06,3402.0
390091,2020-08-26 01:17:45,65.6,353.5,-70.0,3.953,3.908,43,40,29.03,87.25,3412.0
390092,2020-08-26 01:17:55,65.6,353.5,-70.0,3.953,3.909,43,40,29.09,87.47,3422.0
390093,2020-08-26 01:18:05,65.6,353.6,-69.89999,3.956,3.911,43,40,29.16,87.68,3432.0
390094,2020-08-26 01:18:15,66.0,353.8,-70.10001,3.958,3.913,43,40,29.24,87.91,3442.0
390095,2020-08-26 01:18:25,66.0,353.9,-70.0,3.959,3.913,43,40,29.31,88.1,3452.0
390096,2020-08-26 01:18:35,66.0,354.1,-70.10001,3.96,3.915,43,40,29.37,88.29,3462.0
390097,2020-08-26 01:18:45,66.4,354.1,-70.0,3.962,3.917,43,40,29.44,88.50999,3472.0
390098,2020-08-26 01:18:55,66.4,354.3,-70.0,3.962,3.918,43,40,29.51,88.7,3482.0
390099,2020-08-26 01:19:05,66.8,354.4,-70.0,3.965,3.919,43,40,29.57,88.91,3492.0
390100,2020-08-26 01:19:15,66.8,354.6,-70.0,3.965,3.92,43,40,29.64,89.13,3502.0
390101,2020-08-26 01:19:25,66.8,354.7,-70.10001,3.967,3.922,43,40,29.71,89.32,3512.0
390102,2020-08-26 01:19:35,67.2,354.9,-70.10001,3.968,3.924,43,40,29.78,89.53,3522.0
390103,2020-08-26 01:19:45,67.2,355.0,-70.10001,3.97,3.925,43,40,29.86,89.75999,3532.0
390104,2020-08-26 01:19:55,67.6,355.2,-70.0,3.973,3.927,43,40,29.92,89.98,3542.0
390105,2020-08-26 01:20:05,67.6,355.2,-70.0,3.972,3.928,43,40,29.99,90.16,3552.0
390106,2020-08-26 01:20:15,67.6,355.3,-70.0,3.974,3.929,43,40,30.06,90.36,3562.0
390107,2020-08-26 01:20:25,68.0,355.5,-70.0,3.976,3.931,43,40,30.13,90.56,3572.0
390108,2020-08-26 01:20:35,68.0,355.7,-69.89999,3.978,3.932,43,40,30.19,90.77,3582.0
390109,2020-08-26 01:20:45,68.0,355.7,-70.10001,3.979,3.932,43,40,30.26,90.98,3592.0
390110,2020-08-26 01:20:55,68.4,355.8,-70.0,3.981,3.935,43,40,30.33,91.2,3602.0
390111,2020-08-26 01:21:05,68.4,356.0,-70.10001,3.982,3.936,43,40,30.41,91.42,3612.0
390112,2020-08-26 01:21:15,68.8,356.1,-69.89999,3.983,3.938,43,40,30.48,91.62,3622.0
390113,2020-08-26 01:21:25,68.8,356.3,-69.89999,3.985,3.939,43,40,30.54,91.82999,3632.0
390114,2020-08-26 01:21:35,68.8,356.4,-70.0,3.986,3.941,43,40,30.61,92.04,3642.0
390115,2020-08-26 01:21:45,69.2,356.4,-70.10001,3.988,3.943,43,40,30.68,92.22,3652.0
390116,2020-08-26 01:21:55,69.2,356.6,-70.0,3.988,3.943,43,40,30.74,92.43,3662.0
390117,2020-08-26 01:22:05,69.6,356.8,-70.0,3.991,3.945,43,40,30.82,92.64,3672.0
390118,2020-08-26 01:22:15,69.6,356.8,-70.10001,3.992,3.946,43,41,30.88,92.84,3682.0
390119,2020-08-26 01:22:25,69.6,357.1,-70.0,3.993,3.948,43,40,30.95,93.05,3692.0
390120,2020-08-26 01:22:35,70.0,357.1,-70.10001,3.994,3.949,43,41,31.02,93.25999,3702.0
390121,2020-08-26 01:22:45,70.0,357.2,-70.0,3.995,3.951,43,41,31.1,93.49,3712.0
390122,2020-08-26 01:22:55,70.4,357.4,-70.0,3.997,3.953,43,41,31.16,93.68,3722.0
390123,2020-08-26 01:23:05,70.4,357.5,-70.0,3.999,3.954,43,41,31.23,93.9,3732.0
390124,2020-08-26 01:23:15,70.4,357.7,-70.0,4.0,3.956,43,40,31.29,94.07999,3742.0
390125,2020-08-26 01:23:25,70.8,357.8,-70.0,4.002,3.957,43,41,31.36,94.29,3752.0
390126,2020-08-26 01:23:35,70.8,358.0,-69.89999,4.003,3.959,43,40,31.43,94.5,3762.0
390127,2020-08-26 01:23:45,70.8,358.0,-70.0,4.005,3.961,43,41,31.51,94.71,3772.0
390128,2020-08-26 01:23:55,71.2,358.3,-70.0,4.006,3.961,43,41,31.57,94.91,3782.0
390129,2020-08-26 01:24:05,71.2,358.3,-70.10001,4.007,3.963,43,41,31.64,95.12,3792.0
390130,2020-08-26 01:24:15,71.6,358.5,-70.0,4.01,3.964,43,41,31.71,95.35,3802.0
390131,2020-08-26 01:24:25,71.6,358.6,-70.10001,4.011,3.966,43,41,31.79,95.56,3812.0
390132,2020-08-26 01:24:35,71.6,358.8,-70.10001,4.011,3.967,43,40,31.85,95.75,3822.0
390133,2020-08-26 01:24:45,72.0,358.8,-70.10001,4.014,3.968,43,41,31.92,95.97,3832.0
390134,2020-08-26 01:24:55,72.0,358.9,-70.10001,4.015,3.97,43,41,31.98,96.15,3842.0
390135,2020-08-26 01:25:05,72.4,359.3,-70.0,4.016,3.971,43,41,32.05,96.36,3852.0
390136,2020-08-26 01:25:15,72.4,359.3,-70.0,4.018,3.973,43,41,32.12,96.57,3862.0
390137,2020-08-26 01:25:25,72.4,359.4,-70.0,4.019,3.975,43,41,32.19,96.77,3872.0
390138,2020-08-26 01:25:35,72.8,359.6,-70.0,4.021,3.976,43,41,32.26,96.99,3882.0
390139,2020-08-26 01:25:45,72.8,359.7,-70.0,4.022,3.977,43,41,32.33,97.21,3892.0
390140,2020-08-26 01:25:55,73.2,359.7,-70.0,4.024,3.979,43,41,32.4,97.41,3902.0
390141,2020-08-26 01:26:05,73.2,359.9,-70.0,4.026,3.98,43,41,32.47,97.62,3912.0
390142,2020-08-26 01:26:15,73.2,360.0,-69.89999,4.027,3.982,43,41,32.54,97.82,3922.0
390143,2020-08-26 01:26:25,73.6,360.2,-69.89999,4.029,3.984,43,41,32.6,98.0,3932.0
390144,2020-08-26 01:26:35,73.6,360.3,-70.0,4.031,3.985,43,41,32.67,98.21,3942.0
390145,2020-08-26 01:26:45,73.6,360.5,-69.89999,4.032,3.987,43,41,32.74,98.43,3952.0
390146,2020-08-26 01:26:55,74.0,360.7,-70.0,4.033,3.987,43,41,32.81,98.62,3962.0
390147,2020-08-26 01:27:05,74.0,360.8,-70.0,4.035,3.989,43,41,32.88,98.84,3972.0
390148,2020-08-26 01:27:15,74.4,361.0,-70.0,4.037,3.99,43,41,32.95,99.06,3982.0
390149,2020-08-26 01:27:25,74.4,361.0,-70.0,4.037,3.992,43,41,33.02,99.28,3992.0
390150,2020-08-26 01:27:35,74.4,361.1,-70.0,4.039,3.993,43,41,33.09,99.47,4002.0
390151,2020-08-26 01:27:45,74.8,361.3,-70.0,4.04,3.994,43,41,33.16,99.68,4012.0
390152,2020-08-26 01:27:55,74.8,361.4,-70.10001,4.041,3.996,43,41,33.22,99.86,4022.0
390153,2020-08-26 01:28:05,75.2,361.6,-70.0,4.044,3.998,43,41,33.29,100.07,4032.0
390154,2020-08-26 01:28:15,75.2,361.6,-69.89999,4.045,4.0,43,41,33.36,100.28,4042.0
390155,2020-08-26 01:28:25,75.2,361.8,-69.89999,4.046,4.0,43,41,33.42,100.48,4052.0
390156,2020-08-26 01:28:35,75.6,361.9,-70.0,4.048,4.002,43,41,33.5,100.69,4062.0
390157,2020-08-26 01:28:45,75.6,362.1,-70.10001,4.05,4.004,43,41,33.57,100.92,4072.0
390158,2020-08-26 01:28:55,75.6,362.2,-70.0,4.051,4.005,43,41,33.63,101.12,4082.0
390159,2020-08-26 01:29:05,76.0,362.4,-69.89999,4.053,4.007,43,41,33.7,101.32,4092.0
390160,2020-08-26 01:29:15,76.0,362.5,-70.0,4.055,4.008,43,41,33.78,101.54,4102.0
390161,2020-08-26 01:29:25,76.4,362.7,-70.0,4.056,4.01,43,41,33.85,101.75,4112.0
390162,2020-08-26 01:29:35,76.4,362.8,-70.0,4.057,4.011,43,41,33.91,101.93,4122.0
390163,2020-08-26 01:29:45,76.4,363.0,-70.0,4.058,4.013,43,41,33.97,102.12,4132.0
390164,2020-08-26 01:29:55,76.8,363.2,-70.10001,4.06,4.014,43,41,34.04,102.34,4142.0
390165,2020-08-26 01:30:05,76.8,363.3,-70.10001,4.062,4.015,43,41,34.11,102.56,4152.0
390166,2020-08-26 01:30:15,77.2,363.3,-70.0,4.063,4.017,43,41,34.19,102.78,4162.0
390167,2020-08-26 01:30:25,77.2,363.5,-70.0,4.066,4.019,43,41,34.25,102.97,4172.0
390168,2020-08-26 01:30:35,77.2,363.6,-70.10001,4.067,4.021,43,41,34.32,103.19,4182.0
390169,2020-08-26 01:30:45,77.6,363.8,-70.10001,4.068,4.022,43,41,34.39,103.38,4192.0
390170,2020-08-26 01:30:55,77.6,363.9,-70.10001,4.068,4.023,43,41,34.46,103.59,4202.0
390171,2020-08-26 01:31:05,77.6,363.9,-70.10001,4.072,4.025,43,41,34.52,103.77,4212.0
390172,2020-08-26 01:31:15,78.0,364.1,-70.0,4.072,4.027,43,41,34.59,103.98,4222.0
390173,2020-08-26 01:31:25,78.0,364.4,-69.89999,4.073,4.029,43,41,34.66,104.19,4232.0
390174,2020-08-26 01:31:35,78.4,364.4,-70.0,4.076,4.03,43,41,34.73,104.39,4242.0
390175,2020-08-26 01:31:45,78.4,364.6,-69.89999,4.077,4.031,43,41,34.8,104.62,4252.0
390176,2020-08-26 01:31:55,78.4,364.7,-70.10001,4.079,4.033,43,41,34.87,104.82,4262.0
390177,2020-08-26 01:32:05,78.8,364.9,-70.10001,4.081,4.035,43,41,34.93,105.03,4272.0
390178,2020-08-26 01:32:15,78.8,365.0,-70.0,4.082,4.035,43,41,35.01,105.23,4282.0
390179,2020-08-26 01:32:25,79.2,365.2,-70.0,4.083,4.037,43,41,35.07,105.43,4292.0
390180,2020-08-26 01:32:35,79.2,365.3,-70.0,4.084,4.038,43,41,35.14,105.64,4302.0
390181,2020-08-26 01:32:45,79.2,365.3,-70.0,4.086,4.04,43,41,35.2,105.82,4312.0
390182,2020-08-26 01:32:55,79.6,365.5,-69.89999,4.087,4.042,43,41,35.27,106.03,4322.0
390183,2020-08-26 01:33:05,79.6,365.7,-69.89999,4.089,4.043,43,41,35.34,106.26,4332.0
390184,2020-08-26 01:33:15,79.6,365.8,-70.0,4.091,4.045,43,41,35.41,106.46,4342.0
390185,2020-08-26 01:33:25,80.0,366.0,-70.10001,4.093,4.047,43,41,35.48,106.67,4352.0
390186,2020-08-26 01:33:35,80.0,366.1,-69.89999,4.094,4.048,43,41,35.54,106.87,4362.0
390187,2020-08-26 01:33:45,80.4,366.3,-70.0,4.095,4.05,43,41,35.62,107.07,4372.0
390188,2020-08-26 01:33:55,80.4,366.4,-70.0,4.097,4.051,43,41,35.69,107.29,4382.0
390189,2020-08-26 01:34:05,80.4,366.6,-70.0,4.099,4.053,43,41,35.75,107.48,4392.0
390190,2020-08-26 01:34:15,80.8,366.8,-70.0,4.1,4.055,43,41,35.81,107.66,4402.0
390191,2020-08-26 01:34:25,80.8,366.9,-70.0,4.101,4.056,43,41,35.88,107.87,4412.0
390192,2020-08-26 01:34:35,81.2,367.1,-70.0,4.104,4.058,43,41,35.96,108.1,4422.0
390193,2020-08-26 01:34:45,81.2,367.2,-70.10001,4.105,4.059,43,41,36.03,108.3,4432.0
390194,2020-08-26 01:34:55,81.2,367.2,-70.0,4.107,4.061,43,41,36.09,108.51,4442.0
390195,2020-08-26 01:35:05,81.6,367.4,-70.10001,4.108,4.062,43,41,36.16,108.72,4452.0
390196,2020-08-26 01:35:15,81.6,367.7,-70.0,4.11,4.064,43,41,36.23,108.91,4462.0
390197,2020-08-26 01:35:25,81.6,367.7,-69.89999,4.111,4.065,43,41,36.3,109.13,4472.0
390198,2020-08-26 01:35:35,82.0,367.8,-70.0,4.113,4.067,43,41,36.36,109.32,4482.0
390199,2020-08-26 01:35:45,82.0,368.0,-70.0,4.115,4.069,43,41,36.44,109.53,4492.0
390200,2020-08-26 01:35:55,82.4,368.2,-69.89999,4.116,4.07,43,41,36.49,109.71,4502.0
390201,2020-08-26 01:36:05,82.4,368.3,-70.10001,4.117,4.072,44,41,36.57,109.93,4512.0
390202,2020-08-26 01:36:15,82.4,368.5,-70.10001,4.119,4.073,44,41,36.64,110.16,4522.0
390203,2020-08-26 01:36:25,82.8,368.6,-69.89999,4.122,4.076,44,41,36.71,110.35,4532.0
390204,2020-08-26 01:36:36,82.8,368.8,-69.89999,4.123,4.076,44,41,36.77,110.56,4543.0
390205,2020-08-26 01:36:46,83.2,368.8,-69.89999,4.124,4.078,44,41,36.84,110.75,4553.0
390206,2020-08-26 01:36:56,83.2,368.9,-69.89999,4.126,4.08,44,41,36.91,110.97,4563.0
390207,2020-08-26 01:37:06,83.2,369.1,-70.10001,4.127,4.08,44,41,36.97,111.16,4573.0
390208,2020-08-26 01:37:16,83.6,369.3,-70.10001,4.129,4.083,44,41,37.05,111.38,4583.0
390209,2020-08-26 01:37:26,83.6,369.4,-70.10001,4.13,4.084,44,41,37.1,111.55,4593.0
390210,2020-08-26 01:37:36,83.6,369.6,-69.89999,4.132,4.086,44,41,37.18,111.78,4603.0
390211,2020-08-26 01:37:46,84.0,369.7,-69.89999,4.133,4.087,44,41,37.26,112.0,4613.0
390212,2020-08-26 01:37:56,84.0,369.9,-70.0,4.136,4.089,44,41,37.32,112.19,4623.0
390213,2020-08-26 01:38:06,84.4,369.9,-70.0,4.137,4.091,44,41,37.39,112.4,4633.0
390214,2020-08-26 01:38:16,84.4,370.2,-69.89999,4.138,4.092,44,41,37.46,112.59,4643.0
390215,2020-08-26 01:38:26,84.4,370.4,-70.10001,4.14,4.094,44,41,37.51,112.77,4653.0
390216,2020-08-26 01:38:36,84.8,370.5,-70.0,4.142,4.095,44,41,37.59,113.0,4663.0
390217,2020-08-26 01:38:46,84.8,370.7,-69.89999,4.143,4.098,44,41,37.66,113.22,4673.0
390218,2020-08-26 01:38:56,84.8,370.7,-70.10001,4.144,4.099,44,41,37.72,113.4,4683.0
390219,2020-08-26 01:39:06,85.2,370.8,-69.89999,4.147,4.1,44,41,37.79,113.59,4693.0
390220,2020-08-26 01:39:16,85.2,371.1,-69.89999,4.148,4.102,44,41,37.86,113.82,4703.0
390221,2020-08-26 01:39:26,85.6,371.1,-70.10001,4.149,4.104,44,41,37.92,114.02,4713.0
390222,2020-08-26 01:39:36,85.6,371.3,-70.10001,4.151,4.105,44,41,38.0,114.23,4723.0
390223,2020-08-26 01:39:46,85.6,371.4,-69.89999,4.153,4.106,44,41,38.07,114.44,4733.0
390224,2020-08-26 01:39:56,86.0,371.6,-70.10001,4.155,4.109,44,41,38.13,114.64,4743.0
390225,2020-08-26 01:40:06,86.0,371.8,-70.0,4.156,4.11,44,41,38.2,114.84,4753.0
390226,2020-08-26 01:40:16,86.4,371.9,-70.0,4.158,4.112,44,41,38.27,115.04,4763.0
390227,2020-08-26 01:40:26,86.4,372.1,-70.0,4.159,4.114,44,41,38.33,115.25,4773.0
390228,2020-08-26 01:40:36,86.4,371.4,-46.70001,4.16,4.116,44,41,38.4,115.43,4783.0
390229,2020-08-26 01:40:46,86.8,371.4,-46.89999,4.147,4.108,44,41,38.45,115.59,4793.0
390230,2020-08-26 01:40:56,86.8,371.4,-46.80002,4.146,4.109,44,41,38.49,115.73,4803.0
390231,2020-08-26 01:41:06,86.8,371.4,-46.80002,4.147,4.108,44,41,38.54,115.87,4813.0
390232,2020-08-26 01:41:16,86.8,371.4,-46.89999,4.147,4.11,44,41,38.59,116.02,4823.0
390233,2020-08-26 01:41:26,87.2,371.6,-46.80002,4.148,4.11,44,41,38.64,116.17,4833.0
390234,2020-08-26 01:41:36,87.2,371.8,-46.80002,4.149,4.111,44,41,38.69,116.3,4843.0
390235,2020-08-26 01:41:46,87.2,371.8,-46.80002,4.15,4.112,44,41,38.74,116.44,4853.0
390236,2020-08-26 01:41:56,87.2,371.9,-46.80002,4.151,4.113,44,41,38.78,116.59,4863.0
390237,2020-08-26 01:42:06,87.6,371.9,-46.89999,4.152,4.114,44,41,38.82,116.72,4873.0
390238,2020-08-26 01:42:16,87.6,372.1,-46.80002,4.153,4.115,44,41,38.87,116.86,4883.0
390239,2020-08-26 01:42:26,87.6,372.1,-47.0,4.155,4.116,44,41,38.92,117.01,4893.0
390240,2020-08-26 01:42:36,88.0,372.2,-46.80002,4.155,4.117,43,41,38.97,117.14,4903.0
390241,2020-08-26 01:42:46,88.0,372.2,-46.80002,4.156,4.118,43,41,39.02,117.29,4913.0
390242,2020-08-26 01:42:55,88.0,372.4,-46.80002,4.156,4.119,44,41,39.06,117.42,4922.0
390243,2020-08-26 01:43:05,88.0,372.5,-46.80002,4.157,4.12,43,41,39.1,117.55,4932.0
390244,2020-08-26 01:43:15,88.4,372.5,-46.80002,4.158,4.121,43,41,39.15,117.7,4942.0
390245,2020-08-26 01:43:25,88.4,372.7,-46.70001,4.159,4.122,43,41,39.2,117.84,4952.0
390246,2020-08-26 01:43:35,88.4,372.7,-46.80002,4.16,4.123,43,41,39.24,117.97,4962.0
390247,2020-08-26 01:43:45,88.4,372.9,-46.80002,4.161,4.123,43,41,39.3,118.14,4972.0
390248,2020-08-26 01:43:55,88.8,373.0,-46.80002,4.163,4.125,43,41,39.34,118.27,4982.0
390249,2020-08-26 01:44:05,88.8,373.0,-46.89999,4.163,4.126,43,41,39.39,118.42,4992.0
390250,2020-08-26 01:44:15,88.8,373.0,-46.80002,4.164,4.127,43,41,39.43,118.55,5002.0
390251,2020-08-26 01:44:23,88.8,373.2,-46.80002,4.165,4.127,43,41,39.46,118.64,5010.0
390252,2020-08-26 01:44:33,89.2,373.3,-46.89999,4.167,4.128,43,41,39.51,118.79,5020.0
390253,2020-08-26 01:44:43,89.2,373.3,-46.70001,4.167,4.129,43,41,39.56,118.93,5030.0
390254,2020-08-26 01:44:53,89.2,373.5,-46.80002,4.169,4.13,43,41,39.61,119.06,5040.0
390255,2020-08-26 01:45:03,89.2,373.6,-46.70001,4.17,4.132,43,41,39.66,119.23,5050.0
390256,2020-08-26 01:45:13,89.6,373.6,-46.80002,4.169,4.133,43,41,39.7,119.36,5060.0
390257,2020-08-26 01:45:23,89.6,373.6,-46.89999,4.171,4.134,43,41,39.75,119.5,5070.0
390258,2020-08-26 01:45:33,89.6,373.8,-46.89999,4.171,4.135,43,41,39.79,119.62,5080.0
390259,2020-08-26 01:45:43,89.6,373.9,-46.89999,4.173,4.136,43,41,39.84,119.77,5090.0
390260,2020-08-26 01:45:53,90.0,373.9,-46.89999,4.174,4.137,43,41,39.89,119.91,5100.0
390261,2020-08-26 01:46:03,90.0,374.1,-46.89999,4.176,4.138,43,41,39.93,120.04,5110.0
390262,2020-08-26 01:46:13,90.0,374.3,-46.89999,4.176,4.139,43,41,39.98,120.19,5120.0
390263,2020-08-26 01:46:23,90.0,374.3,-46.80002,4.178,4.14,43,41,40.02,120.32,5130.0
390264,2020-08-26 01:46:33,90.4,374.3,-47.0,4.178,4.141,43,41,40.07,120.46,5140.0
390265,2020-08-26 01:46:43,90.4,374.4,-46.89999,4.18,4.142,43,41,40.12,120.61,5150.0
390266,2020-08-26 01:46:53,90.4,374.6,-46.80002,4.181,4.144,43,41,40.17,120.75,5160.0
390267,2020-08-26 01:47:03,90.4,374.6,-46.80002,4.182,4.145,43,41,40.21,120.87,5170.0
390268,2020-08-26 01:47:13,90.8,374.7,-46.89999,4.183,4.145,43,41,40.25,121.02,5180.0
390269,2020-08-26 01:47:23,90.8,374.9,-46.80002,4.184,4.147,43,41,40.3,121.15,5190.0
390270,2020-08-26 01:47:33,90.8,374.9,-46.89999,4.185,4.148,43,41,40.35,121.3,5200.0
390271,2020-08-26 01:47:43,91.2,375.0,-46.89999,4.186,4.148,43,41,40.39,121.43,5210.0
390272,2020-08-26 01:47:53,91.2,375.2,-46.70001,4.187,4.15,43,41,40.44,121.57,5220.0
390273,2020-08-26 01:48:03,91.2,375.2,-46.89999,4.188,4.151,43,41,40.48,121.7,5230.0
390274,2020-08-26 01:48:13,91.2,375.4,-46.80002,4.189,4.152,43,41,40.54,121.87,5240.0
390275,2020-08-26 01:48:23,91.6,375.4,-46.80002,4.19,4.152,43,41,40.58,122.0,5250.0
390276,2020-08-26 01:48:33,91.6,375.5,-46.89999,4.191,4.155,43,41,40.63,122.13,5260.0
390277,2020-08-26 01:48:43,91.6,375.7,-46.80002,4.192,4.155,43,41,40.67,122.25,5270.0
390278,2020-08-26 01:48:53,91.6,375.7,-46.80002,4.193,4.156,43,41,40.71,122.41,5280.0
390279,2020-08-26 01:49:03,92.0,375.8,-46.89999,4.194,4.158,43,41,40.76,122.53,5290.0
390280,2020-08-26 01:49:13,92.0,375.8,-46.89999,4.195,4.158,43,41,40.81,122.68,5300.0
390281,2020-08-26 01:49:23,92.0,376.0,-46.80002,4.196,4.159,43,41,40.85,122.81,5310.0
390282,2020-08-26 01:49:33,92.0,376.1,-46.80002,4.196,4.159,43,41,40.9,122.96,5320.0
390283,2020-08-26 01:49:43,92.4,376.1,-46.80002,4.198,4.162,43,41,40.95,123.1,5330.0
390284,2020-08-26 01:49:53,92.4,376.3,-46.89999,4.2,4.162,43,41,40.99,123.23,5340.0
390285,2020-08-26 01:50:03,92.4,376.4,-46.70001,4.201,4.164,43,41,41.04,123.38,5350.0
390286,2020-08-26 01:50:13,92.4,376.4,-46.80002,4.202,4.165,43,41,41.09,123.53,5360.0
390287,2020-08-26 01:50:23,92.8,376.4,-46.80002,4.202,4.166,43,41,41.13,123.64,5370.0
390288,2020-08-26 01:50:33,92.8,376.6,-46.89999,4.203,4.167,43,41,41.18,123.79,5380.0
390289,2020-08-26 01:50:43,92.8,376.8,-46.89999,4.205,4.167,43,41,41.22,123.92,5390.0
390290,2020-08-26 01:50:53,92.8,376.9,-46.80002,4.206,4.169,43,41,41.27,124.05,5400.0
390291,2020-08-26 01:51:03,93.2,376.9,-46.70001,4.207,4.17,43,41,41.31,124.2,5410.0
390292,2020-08-26 01:51:13,93.2,376.9,-46.89999,4.208,4.171,43,41,41.36,124.34,5420.0
390293,2020-08-26 01:51:23,93.2,377.1,-46.70001,4.209,4.171,43,41,41.41,124.49,5430.0
390294,2020-08-26 01:51:33,93.6,377.2,-46.80002,4.21,4.174,43,41,41.45,124.62,5440.0
390295,2020-08-26 01:51:43,93.6,377.2,-46.80002,4.21,4.174,43,41,41.5,124.76,5450.0
390296,2020-08-26 01:51:53,93.6,377.4,-46.80002,4.211,4.174,43,41,41.54,124.88,5460.0
390297,2020-08-26 01:52:03,93.6,377.4,-46.89999,4.213,4.176,43,41,41.59,125.03,5470.0
390298,2020-08-26 01:52:13,94.0,377.5,-46.80002,4.213,4.177,43,41,41.63,125.16,5480.0
390299,2020-08-26 01:52:23,94.0,377.7,-46.80002,4.214,4.178,43,41,41.68,125.3,5490.0
390300,2020-08-26 01:52:33,94.0,377.9,-46.70001,4.216,4.179,43,41,41.73,125.43,5500.0
390301,2020-08-26 01:52:43,94.0,377.9,-46.89999,4.216,4.18,43,41,41.77,125.58,5510.0
390302,2020-08-26 01:52:53,94.4,377.9,-46.80002,4.218,4.181,43,41,41.82,125.73,5520.0
390303,2020-08-26 01:53:03,94.4,378.0,-46.89999,4.22,4.183,43,41,41.86,125.86,5530.0
390304,2020-08-26 01:53:13,94.4,378.0,-46.80002,4.22,4.184,43,41,41.91,126.01,5540.0
390305,2020-08-26 01:53:23,94.4,378.3,-46.89999,4.221,4.184,43,41,41.96,126.14,5550.0
390306,2020-08-26 01:53:33,94.8,378.3,-46.89999,4.222,4.185,43,41,42.0,126.27,5560.0
390307,2020-08-26 01:53:43,94.8,378.3,-46.80002,4.222,4.187,43,41,42.04,126.39,5570.0
390308,2020-08-26 01:53:53,94.8,378.5,-46.89999,4.224,4.187,43,41,42.09,126.54,5580.0
390309,2020-08-26 01:54:03,94.8,378.6,-46.70001,4.225,4.189,44,41,42.14,126.69,5590.0
390310,2020-08-26 01:54:13,95.2,378.6,-46.80002,4.226,4.19,43,41,42.19,126.83,5600.0
390311,2020-08-26 01:54:23,95.2,378.8,-46.80002,4.227,4.191,43,41,42.24,126.96,5610.0
390312,2020-08-26 01:54:33,95.2,378.8,-46.80002,4.228,4.192,43,41,42.28,127.11,5620.0
390313,2020-08-26 01:54:43,95.2,378.9,-46.80002,4.229,4.193,43,41,42.32,127.24,5630.0
390314,2020-08-26 01:54:53,95.6,379.1,-46.89999,4.23,4.193,43,41,42.37,127.37,5640.0
390315,2020-08-26 01:55:03,95.6,379.1,-46.89999,4.232,4.195,43,41,42.41,127.5,5650.0
390316,2020-08-26 01:55:13,95.6,379.3,-46.89999,4.232,4.196,44,41,42.45,127.63,5660.0
390317,2020-08-26 01:55:23,95.6,379.3,-46.89999,4.233,4.197,43,41,42.5,127.78,5670.0
390318,2020-08-26 01:55:33,96.0,379.4,-46.80002,4.235,4.198,44,41,42.55,127.91,5680.0
390319,2020-08-26 01:55:43,96.0,379.6,-46.89999,4.235,4.199,43,41,42.6,128.05,5690.0
390320,2020-08-26 01:55:53,96.0,379.6,-46.80002,4.236,4.199,43,41,42.65,128.21,5700.0
390321,2020-08-26 01:56:03,96.0,379.7,-46.80002,4.237,4.201,43,41,42.69,128.34,5710.0
390322,2020-08-26 01:56:13,96.4,379.9,-46.80002,4.239,4.202,43,41,42.74,128.48,5720.0
390323,2020-08-26 01:56:23,96.4,379.9,-46.70001,4.239,4.203,43,41,42.78,128.61,5730.0
390324,2020-08-26 01:56:33,96.4,379.9,-46.89999,4.241,4.204,43,41,42.83,128.74,5740.0
390325,2020-08-26 01:56:43,96.4,378.8,-14.30002,4.219,4.193,44,41,42.85,128.8,5750.0
390326,2020-08-26 01:56:53,96.4,378.8,-14.30002,4.218,4.192,43,41,42.86,128.85,5760.0
390327,2020-08-26 01:57:03,96.8,378.6,-14.30002,4.217,4.192,43,41,42.88,128.92,5770.0
390328,2020-08-26 01:57:13,96.8,378.6,-14.30002,4.217,4.192,43,41,42.9,128.97,5780.0
390329,2020-08-26 01:57:23,96.8,378.6,-14.20001,4.217,4.192,43,41,42.92,129.02,5790.0
390330,2020-08-26 01:57:33,96.8,378.6,-14.20001,4.217,4.192,43,41,42.93,129.07,5800.0
390331,2020-08-26 01:57:43,96.8,378.6,-14.30002,4.217,4.192,43,40,42.95,129.11,5810.0
390332,2020-08-26 01:57:53,96.8,378.6,-14.30002,4.217,4.192,43,41,42.96,129.16,5820.0
390333,2020-08-26 01:58:03,96.8,378.6,-14.30002,4.217,4.192,43,40,42.98,129.21,5830.0
390334,2020-08-26 01:58:13,96.8,378.6,-14.20001,4.217,4.192,43,41,43.0,129.26,5840.0
390335,2020-08-26 01:58:23,96.8,378.6,-14.30002,4.217,4.192,43,41,43.01,129.31,5850.0
390336,2020-08-26 01:58:33,96.8,378.8,-14.20001,4.218,4.191,43,40,43.03,129.36,5860.0
390337,2020-08-26 01:58:43,96.8,378.6,-14.20001,4.218,4.192,43,40,43.05,129.41,5870.0
390338,2020-08-26 01:58:53,97.2,378.8,-14.30002,4.218,4.193,43,40,43.06,129.46,5880.0
390339,2020-08-26 01:59:03,97.2,378.8,-14.30002,4.219,4.193,43,40,43.08,129.51,5890.0
390340,2020-08-26 01:59:13,97.2,378.8,-14.30002,4.218,4.193,43,40,43.09,129.56,5900.0
390341,2020-08-26 01:59:23,97.2,378.8,-14.30002,4.219,4.193,43,40,43.11,129.6,5910.0
390342,2020-08-26 01:59:33,97.2,378.8,-14.30002,4.218,4.193,43,40,43.13,129.65,5920.0
390343,2020-08-26 01:59:44,97.2,378.8,-14.30002,4.218,4.193,43,40,43.14,129.7,5931.0
390344,2020-08-26 01:59:54,97.2,378.8,-14.20001,4.219,4.193,43,40,43.16,129.74,5941.0
390345,2020-08-26 02:00:04,97.2,378.8,-14.30002,4.219,4.193,43,40,43.17,129.78,5951.0
390346,2020-08-26 02:00:14,97.2,378.9,-14.30002,4.219,4.194,43,40,43.19,129.84,5961.0
390347,2020-08-26 02:00:24,97.2,378.9,-14.30002,4.219,4.193,43,40,43.2,129.88,5971.0
390348,2020-08-26 02:00:34,97.2,378.9,-14.30002,4.22,4.194,43,40,43.22,129.93,5981.0
390349,2020-08-26 02:00:44,97.6,378.9,-14.30002,4.22,4.195,43,40,43.24,129.98,5991.0
390350,2020-08-26 02:00:54,97.6,378.9,-14.30002,4.22,4.195,43,40,43.25,130.02,6001.0
390351,2020-08-26 02:01:04,97.6,378.9,-14.20001,4.221,4.195,43,40,43.27,130.07,6011.0
390352,2020-08-26 02:01:14,97.6,378.9,-14.30002,4.22,4.195,43,40,43.28,130.11,6021.0
390353,2020-08-26 02:01:24,97.6,379.1,-14.30002,4.221,4.195,43,40,43.29,130.15,6031.0
390354,2020-08-26 02:01:34,97.6,378.9,-14.30002,4.221,4.196,43,40,43.31,130.2,6041.0
