number,record_time,soc,pack_voltage,charge_current,max_cell_voltage,min_cell_voltage,max_temperature,min_temperature,available_energy,available_capacity,charging_duration_seconds
741407,2021-08-31 01:03:13,32.8,328.5,-60.0,3.669,3.648,36,34,14.54,43.73,0.0
741408,2021-08-31 01:03:23,32.8,328.8,-60.0,3.673,3.652,36,34,14.6,43.92,10.0
741409,2021-08-31 01:03:33,33.2,328.9,-59.89999,3.676,3.654,36,34,14.67,44.12,20.0
741410,2021-08-31 01:03:43,33.2,329.1,-59.89999,3.678,3.656,36,34,14.74,44.32,30.0
741411,2021-08-31 01:03:53,33.2,329.2,-59.89999,3.679,3.657,36,34,14.8,44.51,40.0
741412,2021-08-31 01:04:03,33.6,329.2,-60.0,3.679,3.658,36,34,14.86,44.69,50.0
741413,2021-08-31 01:04:13,33.6,329.4,-59.89999,3.681,3.66,36,34,14.92,44.89,60.0
741414,2021-08-31 01:04:23,34.0,329.4,-60.0,3.681,3.66,36,34,14.99,45.08,70.0
741415,2021-08-31 01:04:33,34.0,329.6,-60.0,3.682,3.661,36,34,15.06,45.28,80.0
741416,2021-08-31 01:04:43,34.0,329.6,-60.0,3.682,3.661,36,34,15.12,45.47,90.0
741417,2021-08-31 01:04:53,34.4,329.7,-60.0,3.683,3.662,36,34,15.18,45.65,100.0
741418,2021-08-31 01:05:03,34.4,329.7,-60.10001,3.683,3.662,36,34,15.25,45.85,110.0
741419,2021-08-31 01:05:13,34.4,329.7,-60.10001,3.685,3.663,36,34,15.31,46.04,120.0
741420,2021-08-31 01:05:23,34.8,329.9,-60.10001,3.686,3.664,36,34,15.38,46.24,130.0
741421,2021-08-31 01:05:33,34.8,329.9,-60.10001,3.686,3.665,36,34,15.43,46.42,140.0
741422,2021-08-31 01:05:43,34.8,329.9,-60.10001,3.687,3.665,36,34,15.5,46.61,150.0
741423,2021-08-31 01:05:53,35.2,330.0,-60.20001,3.687,3.666,36,34,15.57,46.81,160.0
741424,2021-08-31 01:06:03,35.2,330.0,-60.20001,3.688,3.667,36,34,15.63,47.0,170.0
741425,2021-08-31 01:06:13,35.6,330.2,-60.20001,3.689,3.667,36,34,15.69,47.2,180.0
741426,2021-08-31 01:06:23,35.6,330.2,-60.20001,3.69,3.668,36,34,15.76,47.39,190.0
741427,2021-08-31 01:06:33,35.6,330.2,-60.20001,3.69,3.668,36,34,15.82,47.59,200.0
741428,2021-08-31 01:06:43,36.0,330.3,-60.20001,3.691,3.668,36,34,15.89,47.78,210.0
741429,2021-08-31 01:06:53,36.0,330.3,-60.20001,3.69,3.669,36,34,15.95,47.96,220.0
741430,2021-08-31 01:07:03,36.0,330.3,-60.20001,3.691,3.67,36,34,16.01,48.16,230.0
741431,2021-08-31 01:07:13,36.4,330.5,-60.30002,3.692,3.671,36,34,16.08,48.35,240.0
741432,2021-08-31 01:07:23,36.4,330.5,-60.30002,3.693,3.671,36,34,16.14,48.55,250.0
741433,2021-08-31 01:07:33,36.4,330.5,-60.30002,3.694,3.672,36,34,16.21,48.75,260.0
741434,2021-08-31 01:07:43,36.8,330.7,-60.30002,3.694,3.673,36,34,16.27,48.92,270.0
741435,2021-08-31 01:07:53,36.8,330.7,-60.30002,3.695,3.673,36,34,16.33,49.12,280.0
741436,2021-08-31 01:08:03,36.8,330.7,-60.30002,3.696,3.673,36,34,16.39,49.32,290.0
741437,2021-08-31 01:08:13,37.2,330.7,-60.30002,3.696,3.674,36,34,16.46,49.51,300.0
741438,2021-08-31 01:08:23,37.2,330.7,-60.30002,3.697,3.675,36,34,16.53,49.71,310.0
741439,2021-08-31 01:08:33,37.6,330.8,-60.30002,3.696,3.675,36,34,16.59,49.9,320.0
741440,2021-08-31 01:08:43,37.6,331.0,-60.30002,3.698,3.676,36,34,16.66,50.1,330.0
741441,2021-08-31 01:08:53,37.6,330.8,-60.30002,3.698,3.676,36,34,16.71,50.28,340.0
741442,2021-08-31 01:09:03,38.0,331.0,-60.30002,3.699,3.677,36,34,16.78,50.47,350.0
741443,2021-08-31 01:09:13,38.0,331.1,-60.30002,3.7,3.677,36,34,16.85,50.67,360.0
741444,2021-08-31 01:09:23,38.0,331.1,-60.39999,3.7,3.678,36,34,16.91,50.86,370.0
741445,2021-08-31 01:09:33,38.4,331.1,-60.30002,3.7,3.679,36,34,16.98,51.06,380.0
741446,2021-08-31 01:09:43,38.4,331.1,-60.30002,3.701,3.679,36,34,17.04,51.25,390.0
741447,2021-08-31 01:09:53,38.4,331.3,-60.30002,3.702,3.679,36,34,17.1,51.45,400.0
741448,2021-08-31 01:10:03,38.8,331.3,-60.39999,3.703,3.679,36,34,17.17,51.63,410.0
741449,2021-08-31 01:10:13,38.8,331.3,-60.30002,3.703,3.681,36,34,17.23,51.82,420.0
741450,2021-08-31 01:10:23,39.2,331.4,-60.30002,3.703,3.681,37,34,17.3,52.02,430.0
741451,2021-08-31 01:10:33,39.2,331.4,-60.30002,3.704,3.682,37,34,17.36,52.21,440.0
741452,2021-08-31 01:10:43,39.2,331.4,-60.39999,3.705,3.682,37,34,17.42,52.41,450.0
741453,2021-08-31 01:10:53,39.6,331.4,-60.39999,3.705,3.683,37,34,17.49,52.6,460.0
741454,2021-08-31 01:11:03,39.6,331.6,-60.39999,3.706,3.684,37,34,17.56,52.8,470.0
741455,2021-08-31 01:11:13,39.6,331.6,-60.39999,3.706,3.684,37,34,17.62,53.0,480.0
741456,2021-08-31 01:11:23,40.0,331.7,-60.39999,3.707,3.684,37,34,17.68,53.17,490.0
741457,2021-08-31 01:11:33,40.0,331.7,-60.39999,3.708,3.685,37,34,17.75,53.37,500.0
741458,2021-08-31 01:11:43,40.0,331.7,-60.39999,3.708,3.686,37,34,17.81,53.57,510.0
741459,2021-08-31 01:11:53,40.4,331.9,-60.39999,3.709,3.686,37,34,17.88,53.76,520.0
741460,2021-08-31 01:12:03,40.4,331.9,-60.5,3.709,3.687,37,34,17.94,53.96,530.0
741461,2021-08-31 01:12:13,40.8,331.9,-60.39999,3.71,3.688,37,34,18.0,54.15,540.0
741462,2021-08-31 01:12:23,40.8,332.1,-60.5,3.709,3.688,37,34,18.07,54.35,550.0
741463,2021-08-31 01:12:33,40.8,332.1,-60.5,3.71,3.689,37,34,18.14,54.54,560.0
741464,2021-08-31 01:12:43,41.2,332.1,-60.39999,3.711,3.689,37,34,18.2,54.74,570.0
741465,2021-08-31 01:12:53,41.2,332.2,-60.5,3.712,3.69,37,34,18.26,54.92,580.0
741466,2021-08-31 01:13:03,41.2,332.2,-60.5,3.712,3.69,37,34,18.32,55.11,590.0
741467,2021-08-31 01:13:13,41.6,332.2,-60.5,3.713,3.691,37,34,18.39,55.31,600.0
741468,2021-08-31 01:13:23,41.6,332.4,-60.5,3.714,3.691,37,34,18.46,55.5,610.0
741469,2021-08-31 01:13:33,41.6,332.4,-60.5,3.715,3.692,37,34,18.52,55.7,620.0
741470,2021-08-31 01:13:44,42.0,332.4,-60.5,3.715,3.693,37,34,18.58,55.89,631.0
741471,2021-08-31 01:13:54,42.0,332.4,-60.5,3.716,3.693,37,35,18.65,56.09,641.0
741472,2021-08-31 01:14:04,42.4,332.5,-60.5,3.717,3.694,37,35,18.71,56.28,651.0
741473,2021-08-31 01:14:14,42.4,332.5,-60.5,3.716,3.695,37,35,18.78,56.48,661.0
741474,2021-08-31 01:14:24,42.4,332.7,-60.5,3.717,3.695,37,35,18.85,56.67,671.0
741475,2021-08-31 01:14:34,42.8,332.7,-60.60001,3.719,3.695,37,35,18.91,56.87,681.0
741476,2021-08-31 01:14:44,42.8,332.7,-60.5,3.719,3.696,37,35,18.97,57.07,691.0
741477,2021-08-31 01:14:54,42.8,332.8,-60.5,3.719,3.697,37,35,19.04,57.26,701.0
741478,2021-08-31 01:15:04,43.2,332.8,-60.5,3.719,3.697,37,35,19.1,57.46,711.0
741479,2021-08-31 01:15:14,43.2,332.8,-60.5,3.721,3.698,37,35,19.17,57.64,721.0
741480,2021-08-31 01:15:24,43.2,333.0,-60.5,3.721,3.698,37,35,19.23,57.83,731.0
741481,2021-08-31 01:15:34,43.6,333.0,-60.5,3.722,3.699,37,35,19.31,58.06,741.0
741482,2021-08-31 01:15:44,43.6,333.2,-60.5,3.723,3.7,37,35,19.36,58.24,751.0
741483,2021-08-31 01:15:54,44.0,333.0,-60.5,3.725,3.7,37,35,19.43,58.45,761.0
741484,2021-08-31 01:16:04,44.0,333.2,-60.5,3.723,3.701,37,35,19.5,58.63,771.0
741485,2021-08-31 01:16:14,44.0,333.3,-60.5,3.726,3.701,37,35,19.56,58.82,781.0
741486,2021-08-31 01:16:24,44.4,333.3,-60.5,3.726,3.703,37,35,19.62,59.02,791.0
741487,2021-08-31 01:16:34,44.4,333.3,-60.5,3.726,3.703,37,35,19.69,59.21,801.0
741488,2021-08-31 01:16:44,44.4,333.5,-60.5,3.727,3.704,37,35,19.75,59.41,811.0
741489,2021-08-31 01:16:54,44.8,333.5,-60.5,3.728,3.704,37,35,19.82,59.6,821.0
741490,2021-08-31 01:17:04,44.8,333.6,-60.5,3.729,3.704,37,35,19.89,59.8,831.0
741491,2021-08-31 01:17:14,44.8,333.6,-60.5,3.729,3.705,37,35,19.95,60.0,841.0
741492,2021-08-31 01:17:24,45.2,333.6,-60.5,3.73,3.706,37,35,20.01,60.19,851.0
741493,2021-08-31 01:17:34,45.2,333.6,-60.5,3.73,3.707,37,35,20.08,60.39,861.0
741494,2021-08-31 01:17:44,45.6,333.8,-60.5,3.731,3.707,37,35,20.14,60.58,871.0
741495,2021-08-31 01:17:54,45.6,333.8,-60.5,3.731,3.708,37,35,20.21,60.78,881.0
741496,2021-08-31 01:18:04,45.6,333.9,-60.5,3.733,3.709,37,35,20.28,60.97,891.0
741497,2021-08-31 01:18:14,46.0,333.9,-60.5,3.733,3.709,37,35,20.34,61.17,901.0
741498,2021-08-31 01:18:24,46.0,333.9,-60.5,3.734,3.71,37,35,20.4,61.36,911.0
741499,2021-08-31 01:18:34,46.0,334.1,-60.5,3.734,3.71,37,35,20.47,61.56,921.0
741500,2021-08-31 01:18:44,46.4,334.1,-60.5,3.735,3.711,37,35,20.53,61.75,931.0
741501,2021-08-31 01:18:54,46.4,334.2,-60.5,3.736,3.712,37,35,20.6,61.95,941.0
741502,2021-08-31 01:19:04,46.8,334.2,-60.5,3.736,3.712,37,35,20.66,62.14,951.0
741503,2021-08-31 01:19:14,46.8,334.4,-60.5,3.738,3.714,37,35,20.73,62.34,961.0
741504,2021-08-31 01:19:24,46.8,334.4,-60.5,3.738,3.714,37,35,20.79,62.53,971.0
741505,2021-08-31 01:19:34,47.2,334.4,-60.5,3.738,3.715,37,35,20.85,62.73,981.0
741506,2021-08-31 01:19:44,47.2,334.6,-60.5,3.74,3.716,37,35,20.92,62.92,991.0
741507,2021-08-31 01:19:54,47.2,334.7,-60.5,3.74,3.716,37,35,20.99,63.12,1001.0
741508,2021-08-31 01:20:04,47.6,334.7,-60.5,3.741,3.717,37,35,21.05,63.32,1011.0
741509,2021-08-31 01:20:14,47.6,334.7,-60.5,3.742,3.717,37,35,21.12,63.51,1021.0
741510,2021-08-31 01:20:24,47.6,334.7,-60.5,3.742,3.719,37,35,21.18,63.71,1031.0
741511,2021-08-31 01:20:34,48.0,334.9,-60.5,3.744,3.719,37,35,21.25,63.9,1041.0
741512,2021-08-31 01:20:44,48.0,334.9,-60.5,3.744,3.72,37,35,21.32,64.1,1051.0
741513,2021-08-31 01:20:54,48.4,335.0,-60.5,3.745,3.721,37,35,21.38,64.29,1061.0
741514,2021-08-31 01:21:04,48.4,335.0,-60.5,3.746,3.721,37,35,21.44,64.49,1071.0
741515,2021-08-31 01:21:14,48.4,335.2,-60.60001,3.747,3.722,37,35,21.51,64.68,1081.0
741516,2021-08-31 01:21:24,48.8,335.2,-60.60001,3.747,3.722,37,35,21.57,64.88,1091.0
741517,2021-08-31 01:21:34,48.8,335.2,-60.5,3.747,3.724,37,35,21.64,65.07,1101.0
741518,2021-08-31 01:21:44,48.8,335.3,-60.5,3.749,3.725,37,35,21.71,65.27,1111.0
741519,2021-08-31 01:21:54,49.2,335.5,-60.60001,3.75,3.725,37,35,21.77,65.46,1121.0
741520,2021-08-31 01:22:04,49.2,335.5,-60.5,3.751,3.725,37,35,21.83,65.66,1131.0
741521,2021-08-31 01:22:14,49.6,335.5,-60.60001,3.751,3.726,37,35,21.89,65.85,1141.0
741522,2021-08-31 01:22:24,49.6,335.7,-60.60001,3.752,3.727,37,35,21.96,66.07,1151.0
741523,2021-08-31 01:22:34,49.6,335.8,-60.5,3.753,3.728,38,35,22.03,66.26,1161.0
741524,2021-08-31 01:22:44,50.0,335.8,-60.60001,3.755,3.728,38,35,22.1,66.46,1171.0
741525,2021-08-31 01:22:54,50.0,336.0,-60.60001,3.755,3.73,38,35,22.16,66.65,1181.0
741526,2021-08-31 01:23:04,50.0,336.0,-60.5,3.755,3.73,38,35,22.23,66.85,1191.0
741527,2021-08-31 01:23:14,50.4,336.1,-60.60001,3.757,3.732,38,35,22.29,67.04,1201.0
741528,2021-08-31 01:23:24,50.4,336.0,-60.60001,3.757,3.731,38,35,22.36,67.25,1211.0
741529,2021-08-31 01:23:34,50.4,336.1,-60.5,3.758,3.733,38,35,22.42,67.45,1221.0
741530,2021-08-31 01:23:44,50.8,336.3,-60.60001,3.759,3.734,38,35,22.5,67.64,1231.0
741531,2021-08-31 01:23:54,50.8,336.4,-60.5,3.758,3.734,38,35,22.56,67.84,1241.0
741532,2021-08-31 01:24:04,51.2,336.4,-60.60001,3.762,3.735,38,35,22.62,68.03,1251.0
741533,2021-08-31 01:24:14,51.2,336.4,-60.5,3.761,3.736,38,35,22.69,68.23,1261.0
741534,2021-08-31 01:24:24,51.2,336.6,-60.5,3.762,3.738,38,35,22.76,68.43999,1271.0
741535,2021-08-31 01:24:34,51.6,336.6,-60.5,3.764,3.738,38,35,22.82,68.64,1281.0
741536,2021-08-31 01:24:44,51.6,336.8,-60.5,3.765,3.738,38,36,22.89,68.83,1291.0
741537,2021-08-31 01:24:54,51.6,336.8,-60.5,3.766,3.74,38,36,22.96,69.03,1301.0
741538,2021-08-31 01:25:04,52.0,336.9,-60.5,3.766,3.74,38,36,23.03,69.24,1311.0
741539,2021-08-31 01:25:14,52.0,336.9,-60.5,3.768,3.741,38,36,23.09,69.43,1321.0
741540,2021-08-31 01:25:24,52.4,337.1,-60.5,3.768,3.742,38,36,23.15,69.63,1331.0
741541,2021-08-31 01:25:34,52.4,337.2,-60.5,3.769,3.743,38,36,23.22,69.82,1341.0
741542,2021-08-31 01:25:44,52.4,337.2,-60.5,3.769,3.744,38,36,23.29,70.03,1351.0
741543,2021-08-31 01:25:54,52.8,337.2,-60.5,3.771,3.745,38,36,23.35,70.23,1361.0
741544,2021-08-31 01:26:04,52.8,337.4,-60.5,3.772,3.745,38,36,23.42,70.43999,1371.0
741545,2021-08-31 01:26:14,52.8,337.4,-60.5,3.773,3.747,38,36,23.49,70.64,1381.0
741546,2021-08-31 01:26:24,53.2,337.5,-60.5,3.774,3.747,38,36,23.56,70.83,1391.0
741547,2021-08-31 01:26:34,53.2,337.7,-60.60001,3.774,3.749,38,36,23.62,71.03,1401.0
741548,2021-08-31 01:26:44,53.6,337.7,-60.60001,3.777,3.75,38,36,23.69,71.24,1411.0
741549,2021-08-31 01:26:54,53.6,337.8,-60.5,3.777,3.751,38,36,23.75,71.43,1421.0
741550,2021-08-31 01:27:04,53.6,338.0,-60.5,3.778,3.751,38,36,23.82,71.65,1431.0
741551,2021-08-31 01:27:14,54.0,338.0,-60.5,3.779,3.753,38,36,23.89,71.85,1441.0
741552,2021-08-31 01:27:24,54.0,338.2,-60.5,3.78,3.754,38,36,23.96,72.04,1451.0
741553,2021-08-31 01:27:34,54.0,338.3,-60.5,3.781,3.755,38,36,24.03,72.25,1461.0
741554,2021-08-31 01:27:44,54.4,338.3,-60.5,3.782,3.755,38,36,24.09,72.45,1471.0
741555,2021-08-31 01:27:54,54.4,338.3,-60.5,3.784,3.757,38,36,24.15,72.64,1481.0
741556,2021-08-31 01:28:04,54.8,338.5,-60.5,3.786,3.757,38,36,24.22,72.85,1491.0
741557,2021-08-31 01:28:14,54.8,338.6,-60.5,3.785,3.758,38,36,24.29,73.05,1501.0
741558,2021-08-31 01:28:24,54.8,338.6,-60.5,3.787,3.759,38,36,24.35,73.25,1511.0
741559,2021-08-31 01:28:34,55.2,338.8,-60.5,3.787,3.761,38,36,24.42,73.46,1521.0
741560,2021-08-31 01:28:44,55.2,338.8,-60.5,3.789,3.762,38,36,24.49,73.65,1531.0
741561,2021-08-31 01:28:54,55.6,338.9,-60.60001,3.79,3.762,38,36,24.56,73.85,1541.0
741562,2021-08-31 01:29:04,55.6,338.9,-60.60001,3.792,3.764,38,36,24.63,74.06,1551.0
741563,2021-08-31 01:29:14,55.6,339.1,-60.60001,3.792,3.765,38,36,24.69,74.25,1561.0
741564,2021-08-31 01:29:24,56.0,339.3,-60.5,3.793,3.766,38,36,24.75,74.45,1571.0
741565,2021-08-31 01:29:34,56.0,339.3,-60.60001,3.794,3.766,38,36,24.82,74.66,1581.0
741566,2021-08-31 01:29:44,56.0,339.6,-60.60001,3.795,3.767,38,36,24.89,74.85,1591.0
741567,2021-08-31 01:29:54,56.4,339.6,-60.5,3.797,3.768,38,36,24.96,75.05,1601.0
741568,2021-08-31 01:30:04,56.4,339.6,-60.5,3.798,3.77,38,36,25.03,75.25999,1611.0
741569,2021-08-31 01:30:14,56.8,339.7,-60.5,3.799,3.771,38,36,25.09,75.46,1621.0
741570,2021-08-31 01:30:24,56.8,339.9,-60.60001,3.8,3.771,38,36,25.16,75.65,1631.0
741571,2021-08-31 01:30:34,56.8,339.9,-60.5,3.802,3.773,38,36,25.22,75.85,1641.0
741572,2021-08-31 01:30:44,57.2,340.0,-60.5,3.803,3.773,38,36,25.29,76.06,1651.0
741573,2021-08-31 01:30:54,57.2,340.2,-60.60001,3.804,3.776,38,36,25.35,76.25,1661.0
741574,2021-08-31 01:31:04,57.2,340.3,-60.5,3.806,3.776,38,36,25.42,76.45,1671.0
741575,2021-08-31 01:31:14,57.6,340.3,-60.5,3.806,3.777,38,36,25.49,76.64,1681.0
741576,2021-08-31 01:31:24,57.6,340.5,-60.60001,3.809,3.777,38,36,25.55,76.84,1691.0
741577,2021-08-31 01:31:34,57.6,340.7,-60.60001,3.809,3.779,38,36,25.61,77.03,1701.0
741578,2021-08-31 01:31:44,58.0,340.7,-60.60001,3.811,3.78,38,36,25.69,77.25999,1711.0
741579,2021-08-31 01:31:54,58.0,340.8,-60.60001,3.812,3.781,38,36,25.76,77.46,1721.0
741580,2021-08-31 01:32:04,58.4,341.0,-60.5,3.813,3.783,38,36,25.82,77.65,1731.0
741581,2021-08-31 01:32:14,58.4,341.0,-60.5,3.814,3.784,38,36,25.89,77.85,1741.0
741582,2021-08-31 01:32:24,58.4,341.1,-60.60001,3.815,3.785,38,36,25.95,78.04,1751.0
741583,2021-08-31 01:32:34,58.8,341.3,-60.60001,3.816,3.786,38,36,26.02,78.24,1761.0
741584,2021-08-31 01:32:44,58.8,341.4,-60.60001,3.818,3.787,38,36,26.09,78.45,1771.0
741585,2021-08-31 01:32:54,58.8,341.4,-60.5,3.82,3.79,38,36,26.15,78.64,1781.0
741586,2021-08-31 01:33:04,59.2,341.6,-60.5,3.821,3.79,38,36,26.21,78.84,1791.0
741587,2021-08-31 01:33:14,59.2,341.8,-60.5,3.822,3.791,38,36,26.28,79.03,1801.0
741588,2021-08-31 01:33:24,59.6,341.8,-60.5,3.823,3.792,38,36,26.35,79.23,1811.0
741589,2021-08-31 01:33:34,59.6,341.9,-60.5,3.825,3.793,38,36,26.41,79.42,1821.0
741590,2021-08-31 01:33:44,59.6,342.1,-60.5,3.827,3.796,38,36,26.48,79.62,1831.0
741591,2021-08-31 01:33:54,60.0,342.2,-60.60001,3.828,3.796,39,36,26.54,79.82,1841.0
741592,2021-08-31 01:34:04,60.0,342.4,-60.5,3.829,3.798,39,36,26.6,80.00999,1851.0
741593,2021-08-31 01:34:14,60.0,342.4,-60.5,3.831,3.799,39,36,26.67,80.21,1861.0
741594,2021-08-31 01:34:24,60.4,342.5,-60.5,3.833,3.8,39,36,26.74,80.4,1871.0
741595,2021-08-31 01:34:34,60.4,342.7,-60.5,3.834,3.802,39,36,26.8,80.6,1881.0
741596,2021-08-31 01:34:44,60.8,342.8,-60.5,3.835,3.803,39,36,26.87,80.79,1891.0
741597,2021-08-31 01:34:54,60.8,343.0,-60.5,3.837,3.804,39,36,26.93,80.99,1901.0
741598,2021-08-31 01:35:04,60.8,343.2,-60.5,3.838,3.806,39,36,27.0,81.18,1911.0
741599,2021-08-31 01:35:14,61.2,343.3,-60.5,3.84,3.807,39,36,27.07,81.38,1921.0
741600,2021-08-31 01:35:24,61.2,343.3,-60.5,3.842,3.808,39,36,27.13,81.57,1931.0
741601,2021-08-31 01:35:34,61.2,343.5,-60.5,3.843,3.811,39,36,27.19,81.77,1941.0
741602,2021-08-31 01:35:44,61.6,343.6,-60.5,3.845,3.811,39,36,27.25,81.96,1951.0
741603,2021-08-31 01:35:55,61.6,343.8,-60.5,3.846,3.812,39,36,27.32,82.16,1962.0
741604,2021-08-31 01:36:05,61.6,343.9,-60.5,3.847,3.814,39,36,27.39,82.35,1972.0
741605,2021-08-31 01:36:15,62.0,344.1,-60.5,3.85,3.815,39,37,27.45,82.55,1982.0
741606,2021-08-31 01:36:25,62.0,344.3,-60.5,3.851,3.817,39,37,27.52,82.75,1992.0
741607,2021-08-31 01:36:35,62.4,344.4,-60.5,3.852,3.819,39,37,27.58,82.93999,2002.0
741608,2021-08-31 01:36:45,62.4,344.4,-60.5,3.854,3.82,39,37,27.65,83.16,2012.0
741609,2021-08-31 01:36:55,62.4,344.6,-60.5,3.856,3.821,39,37,27.71,83.35,2022.0
741610,2021-08-31 01:37:05,62.8,344.7,-60.5,3.857,3.823,39,37,27.78,83.55,2032.0
741611,2021-08-31 01:37:15,62.8,344.9,-60.5,3.859,3.825,39,37,27.85,83.75,2042.0
741612,2021-08-31 01:37:25,62.8,345.0,-60.5,3.86,3.827,39,37,27.91,83.93999,2052.0
741613,2021-08-31 01:37:35,63.2,345.2,-60.5,3.862,3.829,39,37,27.98,84.14,2062.0
741614,2021-08-31 01:37:45,63.2,345.3,-60.5,3.863,3.83,39,37,28.04,84.33,2072.0
741615,2021-08-31 01:37:55,63.2,345.5,-60.5,3.864,3.831,39,37,28.1,84.53,2082.0
741616,2021-08-31 01:38:05,63.6,345.5,-60.39999,3.866,3.833,39,37,28.17,84.72,2092.0
741617,2021-08-31 01:38:15,63.6,345.8,-60.5,3.867,3.835,39,37,28.24,84.92,2102.0
741618,2021-08-31 01:38:25,64.0,345.8,-60.5,3.868,3.836,39,37,28.3,85.11,2112.0
741619,2021-08-31 01:38:35,64.0,346.0,-60.5,3.87,3.838,39,37,28.36,85.31,2122.0
741620,2021-08-31 01:38:45,64.0,346.1,-60.5,3.871,3.839,39,37,28.43,85.5,2132.0
741621,2021-08-31 01:38:55,64.4,346.3,-60.5,3.874,3.841,39,37,28.5,85.7,2142.0
741622,2021-08-31 01:39:05,64.4,346.4,-60.5,3.875,3.842,39,37,28.56,85.89,2152.0
741623,2021-08-31 01:39:15,64.4,346.6,-60.5,3.875,3.843,39,37,28.63,86.09,2162.0
741624,2021-08-31 01:39:25,64.8,346.8,-60.5,3.878,3.845,39,37,28.69,86.28,2172.0
741625,2021-08-31 01:39:35,64.8,346.8,-60.39999,3.878,3.847,39,37,28.75,86.48,2182.0
741626,2021-08-31 01:39:45,65.2,346.9,-60.39999,3.88,3.849,39,37,28.82,86.67,2192.0
741627,2021-08-31 01:39:55,65.2,347.1,-60.39999,3.881,3.851,39,37,28.89,86.87,2202.0
741628,2021-08-31 01:40:05,65.2,347.2,-60.5,3.883,3.852,39,37,28.95,87.07,2212.0
741629,2021-08-31 01:40:15,65.6,347.2,-60.5,3.885,3.853,39,37,29.02,87.25999,2222.0
741630,2021-08-31 01:40:25,65.6,347.4,-60.5,3.885,3.855,39,37,29.08,87.46,2232.0
741631,2021-08-31 01:40:35,65.6,347.7,-60.5,3.888,3.857,39,37,29.14,87.65,2242.0
741632,2021-08-31 01:40:45,66.0,347.7,-60.5,3.889,3.857,39,37,29.21,87.85,2252.0
741633,2021-08-31 01:40:55,66.0,347.8,-60.5,3.89,3.86,39,37,29.28,88.04,2262.0
741634,2021-08-31 01:41:05,66.0,348.0,-60.5,3.892,3.86,39,37,29.34,88.24,2272.0
741635,2021-08-31 01:41:15,66.4,348.2,-60.5,3.893,3.862,39,37,29.41,88.43,2282.0
741636,2021-08-31 01:41:25,66.4,348.2,-60.5,3.894,3.864,39,37,29.47,88.63,2292.0
741637,2021-08-31 01:41:35,66.8,348.5,-60.5,3.895,3.865,39,37,29.53,88.82,2302.0
741638,2021-08-31 01:41:45,66.8,348.5,-60.5,3.897,3.867,39,37,29.6,89.02,2312.0
741639,2021-08-31 01:41:55,66.8,348.6,-60.5,3.898,3.868,39,37,29.67,89.21,2322.0
741640,2021-08-31 01:42:05,67.2,348.8,-60.5,3.9,3.87,39,37,29.73,89.41,2332.0
741641,2021-08-31 01:42:15,67.2,348.9,-60.5,3.901,3.87,39,37,29.79,89.6,2342.0
741642,2021-08-31 01:42:25,67.2,348.9,-60.5,3.902,3.872,39,37,29.86,89.8,2352.0
741643,2021-08-31 01:42:35,67.6,349.3,-60.5,3.904,3.874,39,37,29.92,90.0,2362.0
741644,2021-08-31 01:42:45,67.6,349.3,-60.5,3.905,3.875,39,37,29.99,90.18999,2372.0
741645,2021-08-31 01:42:55,67.6,349.4,-60.5,3.906,3.876,39,37,30.06,90.39,2382.0
741646,2021-08-31 01:43:05,68.0,349.6,-60.5,3.907,3.877,39,37,30.12,90.57999,2392.0
741647,2021-08-31 01:43:15,68.0,349.6,-60.5,3.909,3.879,39,37,30.18,90.78,2402.0
741648,2021-08-31 01:43:25,68.4,349.7,-60.5,3.911,3.881,39,37,30.25,90.97,2412.0
741649,2021-08-31 01:43:35,68.4,349.9,-60.5,3.911,3.882,39,37,30.32,91.17,2422.0
741650,2021-08-31 01:43:45,68.4,349.9,-60.5,3.914,3.882,39,37,30.38,91.36,2432.0
741651,2021-08-31 01:43:55,68.8,350.0,-60.5,3.915,3.885,39,37,30.45,91.56,2442.0
741652,2021-08-31 01:44:05,68.8,350.2,-60.5,3.915,3.885,39,37,30.51,91.75,2452.0
741653,2021-08-31 01:44:15,68.8,350.3,-60.5,3.917,3.887,39,37,30.57,91.95,2462.0
741654,2021-08-31 01:44:25,69.2,350.5,-60.5,3.918,3.889,39,37,30.64,92.14,2472.0
741655,2021-08-31 01:44:35,69.2,350.7,-60.5,3.919,3.89,39,37,30.71,92.34,2482.0
741656,2021-08-31 01:44:45,69.6,350.7,-60.5,3.921,3.891,39,37,30.77,92.53,2492.0
741657,2021-08-31 01:44:55,69.6,350.8,-60.5,3.922,3.892,39,37,30.83,92.73,2502.0
741658,2021-08-31 01:45:05,69.6,351.0,-60.5,3.924,3.893,39,37,30.9,92.92,2512.0
741659,2021-08-31 01:45:15,70.0,351.1,-60.5,3.924,3.895,39,37,30.96,93.12,2522.0
741660,2021-08-31 01:45:25,70.0,351.1,-60.5,3.925,3.896,39,37,31.03,93.32,2532.0
741661,2021-08-31 01:45:35,70.0,351.3,-60.5,3.928,3.898,39,37,31.1,93.50999,2542.0
741662,2021-08-31 01:45:45,70.4,351.4,-60.5,3.928,3.899,39,37,31.16,93.71,2552.0
741663,2021-08-31 01:45:55,70.4,351.4,-60.5,3.929,3.901,39,37,31.22,93.9,2562.0
741664,2021-08-31 01:46:05,70.4,351.6,-60.39999,3.931,3.901,39,37,31.29,94.1,2572.0
741665,2021-08-31 01:46:15,70.8,351.8,-60.5,3.932,3.903,39,37,31.35,94.29,2582.0
741666,2021-08-31 01:46:25,70.8,351.8,-60.5,3.934,3.904,39,37,31.42,94.49,2592.0
741667,2021-08-31 01:46:35,71.2,352.1,-60.39999,3.935,3.905,39,37,31.49,94.68,2602.0
741668,2021-08-31 01:46:45,71.2,352.1,-60.39999,3.936,3.906,39,37,31.55,94.88,2612.0
741669,2021-08-31 01:46:55,71.2,352.1,-60.39999,3.938,3.908,39,37,31.61,95.07,2622.0
741670,2021-08-31 01:47:05,71.6,352.4,-60.5,3.938,3.91,39,37,31.68,95.27,2632.0
741671,2021-08-31 01:47:15,71.6,352.4,-60.5,3.94,3.911,39,37,31.75,95.46,2642.0
741672,2021-08-31 01:47:25,71.6,352.5,-60.5,3.941,3.912,39,37,31.81,95.66,2652.0
741673,2021-08-31 01:47:35,72.0,352.7,-60.5,3.942,3.914,39,37,31.87,95.85,2662.0
741674,2021-08-31 01:47:45,72.0,352.8,-60.5,3.944,3.915,39,37,31.94,96.05,2672.0
741675,2021-08-31 01:47:55,72.0,352.8,-60.5,3.945,3.915,39,37,32.0,96.25,2682.0
741676,2021-08-31 01:48:05,72.4,353.0,-60.5,3.946,3.916,39,37,32.07,96.46,2692.0
741677,2021-08-31 01:48:15,72.4,353.2,-60.5,3.948,3.918,39,37,32.14,96.65,2702.0
741678,2021-08-31 01:48:25,72.8,353.3,-60.5,3.949,3.92,39,37,32.21,96.85,2712.0
741679,2021-08-31 01:48:35,72.8,353.3,-60.5,3.95,3.921,39,37,32.27,97.04,2722.0
741680,2021-08-31 01:48:45,72.8,353.5,-60.5,3.951,3.922,39,37,32.33,97.24,2732.0
741681,2021-08-31 01:48:55,73.2,353.6,-60.5,3.953,3.924,39,37,32.39,97.4,2742.0
741682,2021-08-31 01:49:05,73.2,353.6,-60.5,3.953,3.924,39,37,32.46,97.6,2752.0
741683,2021-08-31 01:49:15,73.2,353.8,-60.5,3.954,3.925,39,37,32.52,97.79,2762.0
741684,2021-08-31 01:49:25,73.6,353.9,-60.39999,3.957,3.927,39,37,32.58,97.99,2772.0
741685,2021-08-31 01:49:35,73.6,354.1,-60.5,3.957,3.928,39,37,32.65,98.18,2782.0
741686,2021-08-31 01:49:45,73.6,354.1,-60.5,3.959,3.929,39,37,32.71,98.38,2792.0
741687,2021-08-31 01:49:55,74.0,354.3,-60.5,3.961,3.931,39,37,32.78,98.57,2802.0
741688,2021-08-31 01:50:05,74.0,354.4,-60.5,3.961,3.932,39,37,32.85,98.77,2812.0
741689,2021-08-31 01:50:15,74.4,354.4,-60.5,3.963,3.933,39,37,32.91,98.96,2822.0
741690,2021-08-31 01:50:25,74.4,354.6,-60.5,3.964,3.934,39,37,32.97,99.16,2832.0
741691,2021-08-31 01:50:35,74.4,354.7,-60.5,3.965,3.936,39,37,33.03,99.35,2842.0
741692,2021-08-31 01:50:45,74.8,354.9,-60.5,3.966,3.936,39,37,33.1,99.55,2852.0
741693,2021-08-31 01:50:55,74.8,354.9,-60.5,3.968,3.938,39,37,33.17,99.75,2862.0
741694,2021-08-31 01:51:05,74.8,355.0,-60.5,3.969,3.939,39,37,33.23,99.93999,2872.0
741695,2021-08-31 01:51:15,75.2,355.2,-60.5,3.97,3.942,39,37,33.3,100.14,2882.0
741696,2021-08-31 01:51:25,75.2,355.3,-60.5,3.971,3.942,39,37,33.36,100.33,2892.0
741697,2021-08-31 01:51:35,75.2,355.3,-60.5,3.973,3.943,39,37,33.42,100.53,2902.0
741698,2021-08-31 01:51:45,75.6,355.5,-60.5,3.974,3.945,39,37,33.5,100.72,2912.0
741699,2021-08-31 01:51:55,75.6,355.7,-60.60001,3.975,3.946,39,37,33.55,100.9,2922.0
741700,2021-08-31 01:52:05,76.0,355.7,-60.60001,3.976,3.947,39,37,33.62,101.1,2932.0
741701,2021-08-31 01:52:15,76.0,355.8,-60.5,3.978,3.948,39,37,33.68,101.29,2942.0
741702,2021-08-31 01:52:25,76.0,356.0,-60.5,3.979,3.949,39,37,33.75,101.49,2952.0
741703,2021-08-31 01:52:35,76.4,356.1,-60.60001,3.98,3.95,39,37,33.82,101.68,2962.0
741704,2021-08-31 01:52:45,76.4,356.1,-60.5,3.982,3.952,39,37,33.88,101.88,2972.0
741705,2021-08-31 01:52:55,76.4,356.3,-60.5,3.983,3.954,39,37,33.94,102.07,2982.0
741706,2021-08-31 01:53:05,76.8,356.4,-60.5,3.985,3.955,39,37,34.0,102.27,2992.0
741707,2021-08-31 01:53:15,76.8,356.4,-60.5,3.985,3.957,39,37,34.07,102.45,3002.0
741708,2021-08-31 01:53:25,76.8,356.6,-60.5,3.986,3.957,39,37,34.13,102.64,3012.0
741709,2021-08-31 01:53:35,77.2,356.8,-60.5,3.988,3.958,39,37,34.2,102.84,3022.0
741710,2021-08-31 01:53:45,77.2,356.9,-60.5,3.989,3.959,39,37,34.26,103.03,3032.0
741711,2021-08-31 01:53:55,77.6,356.9,-60.5,3.99,3.961,39,37,34.32,103.23,3042.0
741712,2021-08-31 01:54:05,77.6,357.1,-60.5,3.991,3.962,39,37,34.39,103.42,3052.0
741713,2021-08-31 01:54:15,77.6,357.2,-60.5,3.993,3.964,39,37,34.43,103.55,3062.0
741714,2021-08-31 01:54:25,78.0,357.4,-60.5,3.994,3.965,39,37,34.52,103.79,3072.0
741715,2021-08-31 01:54:35,78.0,357.4,-60.5,3.996,3.966,39,37,34.58,103.99,3082.0
741716,2021-08-31 01:54:45,78.0,357.5,-60.5,3.996,3.967,39,37,34.64,104.18,3092.0
741717,2021-08-31 01:54:55,78.4,357.7,-60.60001,3.998,3.968,39,37,34.71,104.38,3102.0
741718,2021-08-31 01:55:05,78.4,357.8,-60.5,4.0,3.969,39,37,34.78,104.57,3112.0
741719,2021-08-31 01:55:15,78.4,357.8,-60.60001,4.001,3.97,39,37,34.84,104.77,3122.0
741720,2021-08-31 01:55:25,78.8,358.0,-60.5,4.002,3.972,39,37,34.9,104.95,3132.0
741721,2021-08-31 01:55:35,78.8,358.2,-60.5,4.003,3.973,39,37,34.96,105.14,3142.0
741722,2021-08-31 01:55:45,79.2,358.2,-60.5,4.005,3.975,39,37,35.03,105.34,3152.0
741723,2021-08-31 01:55:55,79.2,358.3,-60.5,4.006,3.976,39,37,35.1,105.53,3162.0
741724,2021-08-31 01:56:05,79.2,358.5,-60.5,4.007,3.977,39,37,35.16,105.73,3172.0
741725,2021-08-31 01:56:15,79.6,358.6,-60.5,4.008,3.978,39,37,35.22,105.92,3182.0
741726,2021-08-31 01:56:25,79.6,358.6,-60.5,4.01,3.979,39,37,35.28,106.1,3192.0
741727,2021-08-31 01:56:35,79.6,358.8,-60.5,4.011,3.981,39,37,35.35,106.3,3202.0
741728,2021-08-31 01:56:45,80.0,358.9,-60.5,4.011,3.982,39,37,35.42,106.5,3212.0
741729,2021-08-31 01:56:55,80.0,358.9,-60.5,4.013,3.983,39,37,35.48,106.69,3222.0
741730,2021-08-31 01:57:05,80.0,359.1,-60.5,4.015,3.985,39,37,35.54,106.89,3232.0
741731,2021-08-31 01:57:15,80.4,359.3,-60.5,4.016,3.986,39,37,35.6,107.07,3242.0
741732,2021-08-31 01:57:25,80.4,359.4,-60.5,4.017,3.988,39,37,35.67,107.26,3252.0
741733,2021-08-31 01:57:35,80.4,359.6,-60.5,4.019,3.989,39,37,35.74,107.46,3262.0
741734,2021-08-31 01:57:45,80.8,359.6,-60.5,4.02,3.99,39,37,35.8,107.65,3272.0
741735,2021-08-31 01:57:56,80.8,359.7,-60.5,4.022,3.991,39,37,35.86,107.85,3283.0
741736,2021-08-31 01:58:06,81.2,359.9,-60.60001,4.022,3.993,39,37,35.92,108.03,3293.0
741737,2021-08-31 01:58:16,81.2,359.9,-60.5,4.023,3.994,39,37,35.99,108.22,3303.0
741738,2021-08-31 01:58:26,81.2,360.0,-60.5,4.025,3.997,39,37,36.05,108.42,3313.0
741739,2021-08-31 01:58:36,81.6,360.2,-60.5,4.026,3.997,39,37,36.12,108.61,3323.0
741740,2021-08-31 01:58:46,81.6,360.3,-60.5,4.029,3.998,39,37,36.17,108.79,3333.0
741741,2021-08-31 01:58:56,81.6,360.5,-60.5,4.029,4.0,39,37,36.25,108.99,3343.0
741742,2021-08-31 01:59:06,82.0,360.5,-60.5,4.03,4.0,39,37,36.31,109.18,3353.0
741743,2021-08-31 01:59:16,82.0,360.7,-60.5,4.032,4.002,39,37,36.37,109.38,3363.0
741744,2021-08-31 01:59:26,82.0,360.8,-60.5,4.033,4.004,39,37,36.44,109.57,3373.0
741745,2021-08-31 01:59:36,82.4,361.0,-60.60001,4.035,4.004,39,37,36.5,109.75,3383.0
741746,2021-08-31 01:59:46,82.4,361.1,-60.5,4.036,4.006,39,37,36.57,109.95,3393.0
741747,2021-08-31 01:59:56,82.8,361.0,-60.5,4.038,4.007,39,37,36.63,110.14,3403.0
741748,2021-08-31 02:00:06,82.8,361.3,-60.5,4.039,4.009,39,37,36.69,110.34,3413.0
741749,2021-08-31 02:00:16,82.8,361.4,-60.5,4.04,4.01,39,37,36.75,110.52,3423.0
741750,2021-08-31 02:00:26,83.2,361.6,-60.5,4.041,4.012,39,37,36.82,110.71,3433.0
741751,2021-08-31 02:00:36,83.2,361.8,-60.5,4.042,4.013,39,37,36.88,110.91,3443.0
741752,2021-08-31 02:00:46,83.2,361.8,-60.5,4.044,4.014,39,37,36.94,111.09,3453.0
741753,2021-08-31 02:00:56,83.6,361.9,-60.5,4.045,4.015,39,37,37.0,111.28,3463.0
741754,2021-08-31 02:01:06,83.6,362.1,-60.5,4.047,4.016,39,37,37.07,111.48,3473.0
741755,2021-08-31 02:01:16,83.6,362.1,-60.5,4.048,4.018,39,37,37.13,111.66,3483.0
741756,2021-08-31 02:01:26,84.0,362.2,-60.5,4.049,4.019,39,37,37.2,111.85,3493.0
741757,2021-08-31 02:01:36,84.0,362.4,-60.5,4.051,4.021,39,37,37.26,112.05,3503.0
741758,2021-08-31 02:01:46,84.0,362.5,-60.5,4.052,4.022,39,37,37.32,112.25,3513.0
741759,2021-08-31 02:01:56,84.4,362.7,-60.5,4.053,4.022,39,37,37.39,112.42,3523.0
741760,2021-08-31 02:02:06,84.4,362.7,-60.5,4.055,4.024,39,37,37.45,112.62,3533.0
741761,2021-08-31 02:02:16,84.8,362.8,-60.5,4.056,4.026,39,37,37.51,112.82,3543.0
741762,2021-08-31 02:02:26,84.8,363.0,-60.5,4.058,4.027,39,37,37.57,113.0,3553.0
741763,2021-08-31 02:02:36,84.8,363.0,-60.5,4.06,4.028,39,37,37.64,113.19,3563.0
741764,2021-08-31 02:02:46,85.2,363.3,-60.5,4.06,4.03,39,37,37.71,113.39,3573.0
741765,2021-08-31 02:02:56,85.2,363.3,-60.5,4.062,4.031,39,37,37.76,113.57,3583.0
741766,2021-08-31 02:03:06,85.2,363.5,-60.5,4.063,4.032,39,37,37.83,113.76,3593.0
741767,2021-08-31 02:03:16,85.6,363.6,-60.5,4.063,4.033,39,37,37.89,113.96,3603.0
741768,2021-08-31 02:03:26,85.6,363.6,-60.5,4.065,4.034,39,37,37.96,114.13,3613.0
741769,2021-08-31 02:03:36,85.6,363.8,-60.5,4.067,4.036,39,37,38.02,114.32,3623.0
741770,2021-08-31 02:03:46,86.0,363.9,-60.5,4.068,4.037,39,37,38.08,114.52,3633.0
741771,2021-08-31 02:03:56,86.0,364.1,-60.5,4.07,4.039,39,37,38.15,114.71,3643.0
741772,2021-08-31 02:04:06,86.0,364.3,-60.5,4.071,4.04,39,37,38.21,114.91,3653.0
741773,2021-08-31 02:04:16,86.4,364.4,-60.5,4.072,4.042,39,37,38.28,115.1,3663.0
741774,2021-08-31 02:04:26,86.4,364.6,-60.5,4.074,4.043,39,37,38.35,115.3,3673.0
741775,2021-08-31 02:04:36,86.8,364.6,-60.5,4.075,4.045,39,37,38.4,115.48,3683.0
741776,2021-08-31 02:04:46,86.8,364.7,-60.5,4.076,4.045,39,37,38.46,115.67,3693.0
741777,2021-08-31 02:04:56,86.8,364.9,-60.60001,4.078,4.048,39,37,38.53,115.87,3703.0
741778,2021-08-31 02:05:06,87.2,364.9,-60.5,4.079,4.048,39,37,38.59,116.05,3713.0
741779,2021-08-31 02:05:16,87.2,365.0,-60.5,4.081,4.051,39,37,38.66,116.25,3723.0
741780,2021-08-31 02:05:26,87.2,365.2,-60.5,4.082,4.051,39,37,38.71,116.42,3733.0
741781,2021-08-31 02:05:36,87.6,365.2,-60.5,4.083,4.052,40,37,38.78,116.62,3743.0
741782,2021-08-31 02:05:46,87.6,365.5,-60.5,4.084,4.054,39,37,38.85,116.82,3753.0
741783,2021-08-31 02:05:56,87.6,365.5,-60.5,4.086,4.056,40,37,38.91,117.0,3763.0
741784,2021-08-31 02:06:06,88.0,365.8,-60.5,4.088,4.058,40,37,38.97,117.19,3773.0
741785,2021-08-31 02:06:16,88.0,365.8,-60.60001,4.09,4.058,40,37,39.03,117.39,3783.0
741786,2021-08-31 02:06:26,88.0,366.0,-60.5,4.091,4.06,40,37,39.1,117.57,3793.0
741787,2021-08-31 02:06:36,88.4,366.1,-60.60001,4.092,4.062,40,37,39.16,117.76,3803.0
741788,2021-08-31 02:06:46,88.4,366.1,-60.5,4.094,4.063,40,37,39.22,117.96,3813.0
741789,2021-08-31 02:06:56,88.8,366.3,-60.60001,4.094,4.065,40,37,39.28,118.14,3823.0
741790,2021-08-31 02:07:06,88.8,366.4,-60.60001,4.095,4.066,40,37,39.35,118.33,3833.0
741791,2021-08-31 02:07:16,88.8,366.6,-60.60001,4.098,4.067,40,37,39.41,118.51,3843.0
741792,2021-08-31 02:07:26,89.2,366.8,-60.5,4.099,4.068,40,37,39.47,118.71,3853.0
741793,2021-08-31 02:07:36,89.2,366.8,-60.5,4.1,4.07,40,37,39.54,118.9,3863.0
741794,2021-08-31 02:07:46,89.2,366.9,-60.5,4.102,4.071,40,37,39.6,119.08,3873.0
741795,2021-08-31 02:07:56,89.6,367.1,-60.60001,4.103,4.072,40,37,39.67,119.28,3883.0
741796,2021-08-31 02:08:06,89.6,367.2,-60.60001,4.104,4.074,40,37,39.73,119.47,3893.0
741797,2021-08-31 02:08:16,89.6,367.2,-60.60001,4.106,4.076,40,37,39.79,119.65,3903.0
741798,2021-08-31 02:08:26,90.0,367.4,-60.60001,4.107,4.077,40,37,39.85,119.85,3913.0
741799,2021-08-31 02:08:36,90.0,367.5,-60.60001,4.109,4.078,40,37,39.91,120.03,3923.0
741800,2021-08-31 02:08:46,90.0,367.7,-60.60001,4.11,4.079,40,37,39.98,120.22,3933.0
741801,2021-08-31 02:08:56,90.4,367.8,-60.5,4.111,4.081,40,37,40.04,120.42,3943.0
741802,2021-08-31 02:09:06,90.4,368.0,-60.60001,4.112,4.082,40,37,40.1,120.6,3953.0
741803,2021-08-31 02:09:16,90.4,368.2,-60.60001,4.114,4.083,40,37,40.17,120.79,3963.0
741804,2021-08-31 02:09:26,90.8,368.2,-60.60001,4.116,4.085,40,37,40.23,120.97,3973.0
741805,2021-08-31 02:09:36,90.8,368.3,-60.60001,4.117,4.087,40,37,40.29,121.17,3983.0
741806,2021-08-31 02:09:46,91.2,368.5,-60.60001,4.119,4.088,40,37,40.35,121.36,3993.0
741807,2021-08-31 02:09:56,91.2,368.6,-60.60001,4.12,4.09,40,37,40.42,121.53,4003.0
741808,2021-08-31 02:10:06,91.2,368.8,-60.60001,4.122,4.091,40,37,40.48,121.73,4013.0
741809,2021-08-31 02:10:16,91.6,368.9,-60.5,4.123,4.093,40,37,40.55,121.92,4023.0
741810,2021-08-31 02:10:26,91.6,368.9,-60.60001,4.125,4.094,40,37,40.6,122.1,4033.0
741811,2021-08-31 02:10:36,91.6,369.1,-60.5,4.126,4.095,40,37,40.67,122.3,4043.0
741812,2021-08-31 02:10:46,92.0,369.3,-60.60001,4.127,4.096,40,37,40.73,122.48,4053.0
741813,2021-08-31 02:10:56,92.0,369.3,-60.60001,4.129,4.098,40,37,40.79,122.67,4063.0
741814,2021-08-31 02:11:06,92.0,369.6,-60.60001,4.13,4.099,40,37,40.85,122.85,4073.0
741815,2021-08-31 02:11:16,92.4,369.6,-60.60001,4.132,4.101,40,37,40.92,123.05,4083.0
741816,2021-08-31 02:11:26,92.4,369.7,-60.60001,4.133,4.102,40,37,40.99,123.25,4093.0
741817,2021-08-31 02:11:36,92.4,369.9,-60.60001,4.134,4.104,40,37,41.04,123.42,4103.0
741818,2021-08-31 02:11:46,92.8,369.9,-60.60001,4.136,4.104,40,37,41.11,123.62,4113.0
741819,2021-08-31 02:11:56,92.8,370.2,-60.60001,4.137,4.106,40,37,41.17,123.8,4123.0
741820,2021-08-31 02:12:06,93.2,370.4,-60.60001,4.139,4.108,40,37,41.24,124.0,4133.0
741821,2021-08-31 02:12:16,93.2,370.4,-60.60001,4.14,4.109,40,37,41.3,124.19,4143.0
741822,2021-08-31 02:12:26,93.2,370.5,-60.60001,4.141,4.111,40,37,41.35,124.37,4153.0
741823,2021-08-31 02:12:36,93.6,370.7,-60.60001,4.143,4.112,40,37,41.42,124.57,4163.0
741824,2021-08-31 02:12:46,93.6,370.8,-60.60001,4.144,4.112,40,37,41.48,124.75,4173.0
741825,2021-08-31 02:12:56,93.6,371.0,-60.60001,4.145,4.115,40,37,41.55,124.94,4183.0
741826,2021-08-31 02:13:06,94.0,371.0,-60.5,4.147,4.116,40,37,41.6,125.1,4193.0
741827,2021-08-31 02:13:16,94.0,371.1,-60.60001,4.148,4.118,40,37,41.67,125.32,4203.0
741828,2021-08-31 02:13:26,94.0,371.3,-60.60001,4.15,4.12,40,37,41.74,125.51,4213.0
741829,2021-08-31 02:13:36,94.4,371.4,-60.60001,4.152,4.12,40,37,41.8,125.69,4223.0
741830,2021-08-31 02:13:46,94.4,371.6,-60.60001,4.152,4.122,40,37,41.86,125.89,4233.0
741831,2021-08-31 02:13:56,94.4,371.6,-60.70001,4.154,4.123,40,37,41.92,126.07,4243.0
741832,2021-08-31 02:14:06,94.8,371.8,-60.60001,4.156,4.125,40,37,41.99,126.26,4253.0
741833,2021-08-31 02:14:16,94.8,371.9,-60.70001,4.156,4.126,40,37,42.04,126.44,4263.0
741834,2021-08-31 02:14:26,94.8,372.1,-60.70001,4.158,4.127,40,37,42.11,126.64,4273.0
741835,2021-08-31 02:14:36,95.2,372.2,-60.60001,4.159,4.129,40,37,42.17,126.83,4283.0
741836,2021-08-31 02:14:46,95.2,371.6,-42.60001,4.15,4.123,40,37,42.23,126.99,4293.0
741837,2021-08-31 02:14:56,95.2,371.6,-42.60001,4.149,4.123,40,37,42.28,127.12,4303.0
741838,2021-08-31 02:15:06,95.6,371.8,-42.60001,4.15,4.124,40,37,42.32,127.25,4313.0
741839,2021-08-31 02:15:16,95.6,371.8,-42.5,4.15,4.125,40,37,42.36,127.38,4323.0
741840,2021-08-31 02:15:26,95.6,371.8,-42.5,4.151,4.125,40,37,42.4,127.51,4333.0
741841,2021-08-31 02:15:36,95.6,371.9,-42.5,4.151,4.126,40,37,42.45,127.64,4343.0
741842,2021-08-31 02:15:46,96.0,371.9,-42.5,4.152,4.127,40,37,42.49,127.77,4353.0
741843,2021-08-31 02:15:56,96.0,372.1,-42.5,4.153,4.127,40,37,42.53,127.89,4363.0
741844,2021-08-31 02:16:06,96.0,372.2,-42.5,4.154,4.129,40,37,42.57,128.02,4373.0
741845,2021-08-31 02:16:16,96.0,372.2,-42.5,4.156,4.13,40,37,42.61,128.14,4383.0
741846,2021-08-31 02:16:26,96.4,372.2,-42.5,4.156,4.13,40,37,42.66,128.28,4393.0
741847,2021-08-31 02:16:36,96.4,372.4,-42.5,4.158,4.131,40,37,42.7,128.41,4403.0
741848,2021-08-31 02:16:46,96.4,372.4,-42.39999,4.157,4.132,40,37,42.75,128.53,4413.0
741849,2021-08-31 02:16:56,96.4,372.5,-42.39999,4.158,4.133,40,37,42.78,128.65,4423.0
741850,2021-08-31 02:17:06,96.4,372.5,-42.39999,4.159,4.134,40,37,42.82,128.78,4433.0
741851,2021-08-31 02:17:16,96.8,372.7,-42.39999,4.161,4.134,40,37,42.87,128.91,4443.0
741852,2021-08-31 02:17:26,96.8,372.9,-42.30002,4.161,4.136,40,37,42.91,129.04,4453.0
741853,2021-08-31 02:17:36,96.8,372.9,-42.39999,4.163,4.137,40,37,42.96,129.17,4463.0
741854,2021-08-31 02:17:46,96.8,373.0,-42.39999,4.163,4.138,40,37,43.0,129.3,4473.0
741855,2021-08-31 02:17:56,97.2,373.0,-42.39999,4.164,4.139,40,37,43.04,129.43,4483.0
741856,2021-08-31 02:18:06,97.2,373.0,-42.39999,4.164,4.139,40,37,43.08,129.55,4493.0
741857,2021-08-31 02:18:16,97.2,373.2,-42.39999,4.166,4.141,40,37,43.12,129.67,4503.0
741858,2021-08-31 02:18:26,97.2,373.3,-42.39999,4.167,4.141,40,37,43.17,129.81,4513.0
741859,2021-08-31 02:18:36,97.6,373.3,-42.39999,4.168,4.142,40,37,43.21,129.94,4523.0
741860,2021-08-31 02:18:46,97.6,373.5,-42.39999,4.169,4.143,40,37,43.25,130.07,4533.0
741861,2021-08-31 02:18:56,97.6,373.6,-42.30002,4.17,4.145,40,37,43.29,130.18,4543.0
741862,2021-08-31 02:19:07,97.6,373.6,-42.30002,4.17,4.145,40,37,43.33,130.31,4554.0
